<?xml version="1.0"?>
<pinyin_mapping>
 <item>
  <Hanyu>a</Hanyu>
  <Wade>a</Wade>
  <MPSII>a</MPSII>
  <Yale>a</Yale>
  <Tongyong>a</Tongyong>
 </item>
 <item>
  <Hanyu>ai</Hanyu>
  <Wade>ai</Wade>
  <MPSII>ai</MPSII>
  <Yale>ai</Yale>
  <Tongyong>ai</Tongyong>
 </item>
 <item>
  <Hanyu>an</Hanyu>
  <Wade>an</Wade>
  <MPSII>an</MPSII>
  <Yale>an</Yale>
  <Tongyong>an</Tongyong>
 </item>
 <item>
  <Hanyu>ang</Hanyu>
  <Wade>ang</Wade>
  <MPSII>ang</MPSII>
  <Yale>ang</Yale>
  <Tongyong>ang</Tongyong>
 </item>
 <item>
  <Hanyu>ao</Hanyu>
  <Wade>ao</Wade>
  <MPSII>au</MPSII>
  <Yale>au</Yale>
  <Tongyong>ao</Tongyong>
 </item>
 <item>
  <Hanyu>ba</Hanyu>
  <Wade>pa</Wade>
  <MPSII>ba</MPSII>
  <Yale>ba</Yale>
  <Tongyong>ba</Tongyong>
 </item>
 <item>
  <Hanyu>bai</Hanyu>
  <Wade>pai</Wade>
  <MPSII>bai</MPSII>
  <Yale>bai</Yale>
  <Tongyong>bai</Tongyong>
 </item>
 <item>
  <Hanyu>ban</Hanyu>
  <Wade>pan</Wade>
  <MPSII>ban</MPSII>
  <Yale>ban</Yale>
  <Tongyong>ban</Tongyong>
 </item>
 <item>
  <Hanyu>bang</Hanyu>
  <Wade>pang</Wade>
  <MPSII>bang</MPSII>
  <Yale>bang</Yale>
  <Tongyong>bang</Tongyong>
 </item>
 <item>
  <Hanyu>bao</Hanyu>
  <Wade>pao</Wade>
  <MPSII>bau</MPSII>
  <Yale>bau</Yale>
  <Tongyong>bao</Tongyong>
 </item>
 <item>
  <Hanyu>bei</Hanyu>
  <Wade>pei</Wade>
  <MPSII>bei</MPSII>
  <Yale>bei</Yale>
  <Tongyong>bei</Tongyong>
 </item>
 <item>
  <Hanyu>ben</Hanyu>
  <Wade>pen</Wade>
  <MPSII>ben</MPSII>
  <Yale>ben</Yale>
  <Tongyong>ben</Tongyong>
 </item>
 <item>
  <Hanyu>beng</Hanyu>
  <Wade>peng</Wade>
  <MPSII>beng</MPSII>
  <Yale>beng</Yale>
  <Tongyong>beng</Tongyong>
 </item>
 <item>
  <Hanyu>bi</Hanyu>
  <Wade>pi</Wade>
  <MPSII>bi</MPSII>
  <Yale>bi</Yale>
  <Tongyong>bi</Tongyong>
 </item>
 <item>
  <Hanyu>bian</Hanyu>
  <Wade>pien</Wade>
  <MPSII>bian</MPSII>
  <Yale>byan</Yale>
  <Tongyong>bian</Tongyong>
 </item>
 <item>
  <Hanyu>biao</Hanyu>
  <Wade>piao</Wade>
  <MPSII>biau</MPSII>
  <Yale>byau</Yale>
  <Tongyong>biao</Tongyong>
 </item>
 <item>
  <Hanyu>bie</Hanyu>
  <Wade>pieh</Wade>
  <MPSII>bie</MPSII>
  <Yale>bye</Yale>
  <Tongyong>bie</Tongyong>
 </item>
 <item>
  <Hanyu>bin</Hanyu>
  <Wade>pin</Wade>
  <MPSII>bin</MPSII>
  <Yale>bin</Yale>
  <Tongyong>bin</Tongyong>
 </item>
 <item>
  <Hanyu>bing</Hanyu>
  <Wade>ping</Wade>
  <MPSII>bing</MPSII>
  <Yale>bing</Yale>
  <Tongyong>bing</Tongyong>
 </item>
 <item>
  <Hanyu>bo</Hanyu>
  <Wade>po</Wade>
  <MPSII>bo</MPSII>
  <Yale>bwo</Yale>
  <Tongyong>bo</Tongyong>
 </item>
 <item>
  <Hanyu>bu</Hanyu>
  <Wade>pu</Wade>
  <MPSII>bu</MPSII>
  <Yale>bu</Yale>
  <Tongyong>bu</Tongyong>
 </item>
 <item>
  <Hanyu>ca</Hanyu>
  <Wade>ts`a</Wade>
  <MPSII>tsa</MPSII>
  <Yale>tsa</Yale>
  <Tongyong>ca</Tongyong>
 </item>
 <item>
  <Hanyu>cai</Hanyu>
  <Wade>ts`ai</Wade>
  <MPSII>tsai</MPSII>
  <Yale>tsai</Yale>
  <Tongyong>cai</Tongyong>
 </item>
 <item>
  <Hanyu>can</Hanyu>
  <Wade>ts`an</Wade>
  <MPSII>tsan</MPSII>
  <Yale>tsan</Yale>
  <Tongyong>can</Tongyong>
 </item>
 <item>
  <Hanyu>cang</Hanyu>
  <Wade>ts`ang</Wade>
  <MPSII>tsang</MPSII>
  <Yale>tsang</Yale>
  <Tongyong>cang</Tongyong>
 </item>
 <item>
  <Hanyu>cao</Hanyu>
  <Wade>ts`ao</Wade>
  <MPSII>tsau</MPSII>
  <Yale>tsau</Yale>
  <Tongyong>cao</Tongyong>
 </item>
 <item>
  <Hanyu>ce</Hanyu>
  <Wade>ts`e</Wade>
  <MPSII>tse</MPSII>
  <Yale>tse</Yale>
  <Tongyong>ce</Tongyong>
 </item>
 <item>
  <Hanyu>cen</Hanyu>
  <Wade>ts`en</Wade>
  <MPSII>tsen</MPSII>
  <Yale>tsen</Yale>
  <Tongyong>cen</Tongyong>
 </item>
 <item>
  <Hanyu>ceng</Hanyu>
  <Wade>ts`eng</Wade>
  <MPSII>tseng</MPSII>
  <Yale>tseng</Yale>
  <Tongyong>ceng</Tongyong>
 </item>
 <item>
  <Hanyu>cha</Hanyu>
  <Wade>ch`a</Wade>
  <MPSII>cha</MPSII>
  <Yale>cha</Yale>
  <Tongyong>cha</Tongyong>
 </item>
 <item>
  <Hanyu>chai</Hanyu>
  <Wade>ch`ai</Wade>
  <MPSII>chai</MPSII>
  <Yale>chai</Yale>
  <Tongyong>chai</Tongyong>
 </item>
 <item>
  <Hanyu>chan</Hanyu>
  <Wade>ch`an</Wade>
  <MPSII>chan</MPSII>
  <Yale>chan</Yale>
  <Tongyong>chan</Tongyong>
 </item>
 <item>
  <Hanyu>chang</Hanyu>
  <Wade>ch`ang</Wade>
  <MPSII>chang</MPSII>
  <Yale>chang</Yale>
  <Tongyong>chang</Tongyong>
 </item>
 <item>
  <Hanyu>chao</Hanyu>
  <Wade>ch`ao</Wade>
  <MPSII>chau</MPSII>
  <Yale>chau</Yale>
  <Tongyong>chao</Tongyong>
 </item>
 <item>
  <Hanyu>che</Hanyu>
  <Wade>ch`e</Wade>
  <MPSII>che</MPSII>
  <Yale>che</Yale>
  <Tongyong>che</Tongyong>
 </item>
 <item>
  <Hanyu>chen</Hanyu>
  <Wade>ch`en</Wade>
  <MPSII>chen</MPSII>
  <Yale>chen</Yale>
  <Tongyong>chen</Tongyong>
 </item>
 <item>
  <Hanyu>cheng</Hanyu>
  <Wade>ch`eng</Wade>
  <MPSII>cheng</MPSII>
  <Yale>cheng</Yale>
  <Tongyong>cheng</Tongyong>
 </item>
 <item>
  <Hanyu>chi</Hanyu>
  <Wade>ch`ih</Wade>
  <MPSII>chr</MPSII>
  <Yale>chr</Yale>
  <Tongyong>chih</Tongyong>
 </item>
 <item>
  <Hanyu>chong</Hanyu>
  <Wade>ch`ung</Wade>
  <MPSII>chung</MPSII>
  <Yale>chung</Yale>
  <Tongyong>chong</Tongyong>
 </item>
 <item>
  <Hanyu>chou</Hanyu>
  <Wade>ch`ou</Wade>
  <MPSII>chou</MPSII>
  <Yale>chou</Yale>
  <Tongyong>chou</Tongyong>
 </item>
 <item>
  <Hanyu>chu</Hanyu>
  <Wade>ch`u</Wade>
  <MPSII>chu</MPSII>
  <Yale>chu</Yale>
  <Tongyong>chu</Tongyong>
 </item>
 <item>
  <Hanyu>chua</Hanyu>
  <Wade>ch`ua</Wade>
  <MPSII>chua</MPSII>
  <Yale>chwa</Yale>
  <Tongyong>chua</Tongyong>
 </item>
 <item>
  <Hanyu>chuai</Hanyu>
  <Wade>ch`uai</Wade>
  <MPSII>chuai</MPSII>
  <Yale>chwai</Yale>
  <Tongyong>chuai</Tongyong>
 </item>
 <item>
  <Hanyu>chuan</Hanyu>
  <Wade>ch`uan</Wade>
  <MPSII>chuan</MPSII>
  <Yale>chwan</Yale>
  <Tongyong>chuan</Tongyong>
 </item>
 <item>
  <Hanyu>chuang</Hanyu>
  <Wade>ch`uang</Wade>
  <MPSII>chuang</MPSII>
  <Yale>chwang</Yale>
  <Tongyong>chuang</Tongyong>
 </item>
 <item>
  <Hanyu>chui</Hanyu>
  <Wade>ch`ui</Wade>
  <MPSII>chuei</MPSII>
  <Yale>chwei</Yale>
  <Tongyong>chuei</Tongyong>
 </item>
 <item>
  <Hanyu>chun</Hanyu>
  <Wade>ch`un</Wade>
  <MPSII>chuen</MPSII>
  <Yale>chwen</Yale>
  <Tongyong>chun</Tongyong>
 </item>
 <item>
  <Hanyu>chuo</Hanyu>
  <Wade>ch`o</Wade>
  <MPSII>chuo</MPSII>
  <Yale>chwo</Yale>
  <Tongyong>chuo</Tongyong>
 </item>
 <item>
  <Hanyu>qi</Hanyu>
  <Wade>ch`i</Wade>
  <MPSII>chi</MPSII>
  <Yale>chi</Yale>
  <Tongyong>ci</Tongyong>
 </item>
 <item>
  <Hanyu>qia</Hanyu>
  <Wade>ch`ia</Wade>
  <MPSII>chia</MPSII>
  <Yale>chya</Yale>
  <Tongyong>cia</Tongyong>
 </item>
 <item>
  <Hanyu>qian</Hanyu>
  <Wade>ch`ien</Wade>
  <MPSII>chian</MPSII>
  <Yale>chyan</Yale>
  <Tongyong>cian</Tongyong>
 </item>
 <item>
  <Hanyu>qiang</Hanyu>
  <Wade>ch`iang</Wade>
  <MPSII>chiang</MPSII>
  <Yale>chyang</Yale>
  <Tongyong>ciang</Tongyong>
 </item>
 <item>
  <Hanyu>qiao</Hanyu>
  <Wade>ch`iao</Wade>
  <MPSII>chiau</MPSII>
  <Yale>chyau</Yale>
  <Tongyong>ciao</Tongyong>
 </item>
 <item>
  <Hanyu>qie</Hanyu>
  <Wade>ch`ieh</Wade>
  <MPSII>chie</MPSII>
  <Yale>chye</Yale>
  <Tongyong>cie</Tongyong>
 </item>
 <item>
  <Hanyu>ci</Hanyu>
  <Wade>tz`u</Wade>
  <MPSII>tsz</MPSII>
  <Yale>tsz</Yale>
  <Tongyong>cih</Tongyong>
 </item>
 <item>
  <Hanyu>qin</Hanyu>
  <Wade>ch`in</Wade>
  <MPSII>chin</MPSII>
  <Yale>chin</Yale>
  <Tongyong>cin</Tongyong>
 </item>
 <item>
  <Hanyu>qing</Hanyu>
  <Wade>ch`ing</Wade>
  <MPSII>ching</MPSII>
  <Yale>ching</Yale>
  <Tongyong>cing</Tongyong>
 </item>
 <item>
  <Hanyu>qiu</Hanyu>
  <Wade>ch`iu</Wade>
  <MPSII>chiou</MPSII>
  <Yale>chyou</Yale>
  <Tongyong>ciou</Tongyong>
 </item>
 <item>
  <Hanyu>cong</Hanyu>
  <Wade>ts`ung</Wade>
  <MPSII>tsung</MPSII>
  <Yale>tsung</Yale>
  <Tongyong>cong</Tongyong>
 </item>
 <item>
  <Hanyu>cou</Hanyu>
  <Wade>ts`ou</Wade>
  <MPSII>tsou</MPSII>
  <Yale>tsou</Yale>
  <Tongyong>cou</Tongyong>
 </item>
 <item>
  <Hanyu>cu</Hanyu>
  <Wade>ts`u</Wade>
  <MPSII>tsu</MPSII>
  <Yale>tsu</Yale>
  <Tongyong>cu</Tongyong>
 </item>
 <item>
  <Hanyu>cuan</Hanyu>
  <Wade>ts`uan</Wade>
  <MPSII>tsuan</MPSII>
  <Yale>tswan</Yale>
  <Tongyong>cuan</Tongyong>
 </item>
 <item>
  <Hanyu>cui</Hanyu>
  <Wade>ts`ui</Wade>
  <MPSII>tsuei</MPSII>
  <Yale>tswei</Yale>
  <Tongyong>cuei</Tongyong>
 </item>
 <item>
  <Hanyu>cun</Hanyu>
  <Wade>ts`un</Wade>
  <MPSII>tsuen</MPSII>
  <Yale>tswen</Yale>
  <Tongyong>cun</Tongyong>
 </item>
 <item>
  <Hanyu>cuo</Hanyu>
  <Wade>ts`o</Wade>
  <MPSII>tsuo</MPSII>
  <Yale>tswo</Yale>
  <Tongyong>cuo</Tongyong>
 </item>
 <item>
  <Hanyu>qiong</Hanyu>
  <Wade>ch`iung</Wade>
  <MPSII>chiung</MPSII>
  <Yale>chyung</Yale>
  <Tongyong>cyong</Tongyong>
 </item>
 <item>
  <Hanyu>qu</Hanyu>
  <Wade>ch`u:</Wade>
  <MPSII>chiu</MPSII>
  <Yale>chyu</Yale>
  <Tongyong>cyu</Tongyong>
 </item>
 <item>
  <Hanyu>quan</Hanyu>
  <Wade>ch`u:an</Wade>
  <MPSII>chiuan</MPSII>
  <Yale>chywan</Yale>
  <Tongyong>cyuan</Tongyong>
 </item>
 <item>
  <Hanyu>que</Hanyu>
  <Wade>ch`u:eh</Wade>
  <MPSII>chiue</MPSII>
  <Yale>chywe</Yale>
  <Tongyong>cyue</Tongyong>
 </item>
 <item>
  <Hanyu>qun</Hanyu>
  <Wade>ch`u:n</Wade>
  <MPSII>chiun</MPSII>
  <Yale>chyun</Yale>
  <Tongyong>cyun</Tongyong>
 </item>
 <item>
  <Hanyu>da</Hanyu>
  <Wade>ta</Wade>
  <MPSII>da</MPSII>
  <Yale>da</Yale>
  <Tongyong>da</Tongyong>
 </item>
 <item>
  <Hanyu>dai</Hanyu>
  <Wade>tai</Wade>
  <MPSII>dai</MPSII>
  <Yale>dai</Yale>
  <Tongyong>dai</Tongyong>
 </item>
 <item>
  <Hanyu>dan</Hanyu>
  <Wade>tan</Wade>
  <MPSII>dan</MPSII>
  <Yale>dan</Yale>
  <Tongyong>dan</Tongyong>
 </item>
 <item>
  <Hanyu>dang</Hanyu>
  <Wade>tang</Wade>
  <MPSII>dang</MPSII>
  <Yale>dang</Yale>
  <Tongyong>dang</Tongyong>
 </item>
 <item>
  <Hanyu>dao</Hanyu>
  <Wade>tao</Wade>
  <MPSII>dau</MPSII>
  <Yale>dau</Yale>
  <Tongyong>dao</Tongyong>
 </item>
 <item>
  <Hanyu>de</Hanyu>
  <Wade>te</Wade>
  <MPSII>de</MPSII>
  <Yale>de</Yale>
  <Tongyong>de</Tongyong>
 </item>
 <item>
  <Hanyu>dei</Hanyu>
  <Wade>tei</Wade>
  <MPSII>dei</MPSII>
  <Yale>dei</Yale>
  <Tongyong>dei</Tongyong>
 </item>
 <item>
  <Hanyu>den</Hanyu>
  <Wade>ten</Wade>
  <MPSII>den</MPSII>
  <Yale>den</Yale>
  <Tongyong>den</Tongyong>
 </item>
 <item>
  <Hanyu>deng</Hanyu>
  <Wade>teng</Wade>
  <MPSII>deng</MPSII>
  <Yale>deng</Yale>
  <Tongyong>deng</Tongyong>
 </item>
 <item>
  <Hanyu>di</Hanyu>
  <Wade>ti</Wade>
  <MPSII>di</MPSII>
  <Yale>di</Yale>
  <Tongyong>di</Tongyong>
 </item>
 <item>
  <Hanyu>dian</Hanyu>
  <Wade>tien</Wade>
  <MPSII>dian</MPSII>
  <Yale>dyan</Yale>
  <Tongyong>dian</Tongyong>
 </item>
 <item>
  <Hanyu>diang</Hanyu>
  <Wade>tiang</Wade>
  <MPSII>diang</MPSII>
  <Yale>dyang</Yale>
  <Tongyong>diang</Tongyong>
 </item>
 <item>
  <Hanyu>diao</Hanyu>
  <Wade>tiao</Wade>
  <MPSII>diau</MPSII>
  <Yale>dyau</Yale>
  <Tongyong>diao</Tongyong>
 </item>
 <item>
  <Hanyu>die</Hanyu>
  <Wade>tieh</Wade>
  <MPSII>die</MPSII>
  <Yale>dye</Yale>
  <Tongyong>die</Tongyong>
 </item>
 <item>
  <Hanyu>ding</Hanyu>
  <Wade>ting</Wade>
  <MPSII>ding</MPSII>
  <Yale>ding</Yale>
  <Tongyong>ding</Tongyong>
 </item>
 <item>
  <Hanyu>diu</Hanyu>
  <Wade>tiu</Wade>
  <MPSII>diou</MPSII>
  <Yale>dyou</Yale>
  <Tongyong>diou</Tongyong>
 </item>
 <item>
  <Hanyu>dong</Hanyu>
  <Wade>tung</Wade>
  <MPSII>dung</MPSII>
  <Yale>dung</Yale>
  <Tongyong>dong</Tongyong>
 </item>
 <item>
  <Hanyu>dou</Hanyu>
  <Wade>tou</Wade>
  <MPSII>dou</MPSII>
  <Yale>dou</Yale>
  <Tongyong>dou</Tongyong>
 </item>
 <item>
  <Hanyu>du</Hanyu>
  <Wade>tu</Wade>
  <MPSII>du</MPSII>
  <Yale>du</Yale>
  <Tongyong>du</Tongyong>
 </item>
 <item>
  <Hanyu>duan</Hanyu>
  <Wade>tuan</Wade>
  <MPSII>duan</MPSII>
  <Yale>dwan</Yale>
  <Tongyong>duan</Tongyong>
 </item>
 <item>
  <Hanyu>dui</Hanyu>
  <Wade>tui</Wade>
  <MPSII>duei</MPSII>
  <Yale>dwei</Yale>
  <Tongyong>duei</Tongyong>
 </item>
 <item>
  <Hanyu>dun</Hanyu>
  <Wade>tun</Wade>
  <MPSII>duen</MPSII>
  <Yale>dwen</Yale>
  <Tongyong>dun</Tongyong>
 </item>
 <item>
  <Hanyu>duo</Hanyu>
  <Wade>to</Wade>
  <MPSII>duo</MPSII>
  <Yale>dwo</Yale>
  <Tongyong>duo</Tongyong>
 </item>
 <item>
  <Hanyu>e</Hanyu>
  <Wade>e</Wade>
  <MPSII>e</MPSII>
  <Yale>e</Yale>
  <Tongyong>e</Tongyong>
 </item>
 <item>
  <Hanyu>ei</Hanyu>
  <Wade>ei</Wade>
  <MPSII>ei</MPSII>
  <Yale>ei</Yale>
  <Tongyong>ei</Tongyong>
 </item>
 <item>
  <Hanyu>en</Hanyu>
  <Wade>en</Wade>
  <MPSII>en</MPSII>
  <Yale>en</Yale>
  <Tongyong>en</Tongyong>
 </item>
 <item>
  <Hanyu>er</Hanyu>
  <Wade>erh</Wade>
  <MPSII>er</MPSII>
  <Yale>er</Yale>
  <Tongyong>er</Tongyong>
 </item>
 <item>
  <Hanyu>fa</Hanyu>
  <Wade>fa</Wade>
  <MPSII>fa</MPSII>
  <Yale>fa</Yale>
  <Tongyong>fa</Tongyong>
 </item>
 <item>
  <Hanyu>fan</Hanyu>
  <Wade>fan</Wade>
  <MPSII>fan</MPSII>
  <Yale>fan</Yale>
  <Tongyong>fan</Tongyong>
 </item>
 <item>
  <Hanyu>fang</Hanyu>
  <Wade>fang</Wade>
  <MPSII>fang</MPSII>
  <Yale>fang</Yale>
  <Tongyong>fang</Tongyong>
 </item>
 <item>
  <Hanyu>fei</Hanyu>
  <Wade>fei</Wade>
  <MPSII>fei</MPSII>
  <Yale>fei</Yale>
  <Tongyong>fei</Tongyong>
 </item>
 <item>
  <Hanyu>fen</Hanyu>
  <Wade>fen</Wade>
  <MPSII>fen</MPSII>
  <Yale>fen</Yale>
  <Tongyong>fen</Tongyong>
 </item>
 <item>
  <Hanyu>fo</Hanyu>
  <Wade>fo</Wade>
  <MPSII>fo</MPSII>
  <Yale>fwo</Yale>
  <Tongyong>fo</Tongyong>
 </item>
 <item>
  <Hanyu>feng</Hanyu>
  <Wade>feng</Wade>
  <MPSII>feng</MPSII>
  <Yale>feng</Yale>
  <Tongyong>fong</Tongyong>
 </item>
 <item>
  <Hanyu>fou</Hanyu>
  <Wade>fou</Wade>
  <MPSII>fou</MPSII>
  <Yale>fou</Yale>
  <Tongyong>fou</Tongyong>
 </item>
 <item>
  <Hanyu>fu</Hanyu>
  <Wade>fu</Wade>
  <MPSII>fu</MPSII>
  <Yale>fu</Yale>
  <Tongyong>fu</Tongyong>
 </item>
 <item>
  <Hanyu>ga</Hanyu>
  <Wade>ka</Wade>
  <MPSII>ga</MPSII>
  <Yale>ga</Yale>
  <Tongyong>ga</Tongyong>
 </item>
 <item>
  <Hanyu>gai</Hanyu>
  <Wade>kai</Wade>
  <MPSII>gai</MPSII>
  <Yale>gai</Yale>
  <Tongyong>gai</Tongyong>
 </item>
 <item>
  <Hanyu>gan</Hanyu>
  <Wade>kan</Wade>
  <MPSII>gan</MPSII>
  <Yale>gan</Yale>
  <Tongyong>gan</Tongyong>
 </item>
 <item>
  <Hanyu>gang</Hanyu>
  <Wade>kang</Wade>
  <MPSII>gang</MPSII>
  <Yale>gang</Yale>
  <Tongyong>gang</Tongyong>
 </item>
 <item>
  <Hanyu>gao</Hanyu>
  <Wade>kao</Wade>
  <MPSII>gau</MPSII>
  <Yale>gau</Yale>
  <Tongyong>gao</Tongyong>
 </item>
 <item>
  <Hanyu>ge</Hanyu>
  <Wade>ko</Wade>
  <MPSII>ge</MPSII>
  <Yale>ge</Yale>
  <Tongyong>ge</Tongyong>
 </item>
 <item>
  <Hanyu>gei</Hanyu>
  <Wade>kei</Wade>
  <MPSII>gei</MPSII>
  <Yale>gei</Yale>
  <Tongyong>gei</Tongyong>
 </item>
 <item>
  <Hanyu>gen</Hanyu>
  <Wade>ken</Wade>
  <MPSII>gen</MPSII>
  <Yale>gen</Yale>
  <Tongyong>gen</Tongyong>
 </item>
 <item>
  <Hanyu>geng</Hanyu>
  <Wade>keng</Wade>
  <MPSII>geng</MPSII>
  <Yale>geng</Yale>
  <Tongyong>geng</Tongyong>
 </item>
 <item>
  <Hanyu>gong</Hanyu>
  <Wade>kung</Wade>
  <MPSII>gung</MPSII>
  <Yale>gung</Yale>
  <Tongyong>gong</Tongyong>
 </item>
 <item>
  <Hanyu>gou</Hanyu>
  <Wade>kou</Wade>
  <MPSII>gou</MPSII>
  <Yale>gou</Yale>
  <Tongyong>gou</Tongyong>
 </item>
 <item>
  <Hanyu>gu</Hanyu>
  <Wade>ku</Wade>
  <MPSII>gu</MPSII>
  <Yale>gu</Yale>
  <Tongyong>gu</Tongyong>
 </item>
 <item>
  <Hanyu>gua</Hanyu>
  <Wade>kua</Wade>
  <MPSII>gua</MPSII>
  <Yale>gwa</Yale>
  <Tongyong>gua</Tongyong>
 </item>
 <item>
  <Hanyu>guai</Hanyu>
  <Wade>kuai</Wade>
  <MPSII>guai</MPSII>
  <Yale>gwai</Yale>
  <Tongyong>guai</Tongyong>
 </item>
 <item>
  <Hanyu>guan</Hanyu>
  <Wade>kuan</Wade>
  <MPSII>guan</MPSII>
  <Yale>gwan</Yale>
  <Tongyong>guan</Tongyong>
 </item>
 <item>
  <Hanyu>guang</Hanyu>
  <Wade>kuang</Wade>
  <MPSII>guang</MPSII>
  <Yale>gwang</Yale>
  <Tongyong>guang</Tongyong>
 </item>
 <item>
  <Hanyu>gui</Hanyu>
  <Wade>kuei</Wade>
  <MPSII>guei</MPSII>
  <Yale>gwei</Yale>
  <Tongyong>guei</Tongyong>
 </item>
 <item>
  <Hanyu>gun</Hanyu>
  <Wade>kun</Wade>
  <MPSII>guen</MPSII>
  <Yale>gwun</Yale>
  <Tongyong>gun</Tongyong>
 </item>
 <item>
  <Hanyu>guo</Hanyu>
  <Wade>kuo</Wade>
  <MPSII>guo</MPSII>
  <Yale>gwo</Yale>
  <Tongyong>guo</Tongyong>
 </item>
 <item>
  <Hanyu>ha</Hanyu>
  <Wade>ha</Wade>
  <MPSII>ha</MPSII>
  <Yale>ha</Yale>
  <Tongyong>ha</Tongyong>
 </item>
 <item>
  <Hanyu>hai</Hanyu>
  <Wade>hai</Wade>
  <MPSII>hai</MPSII>
  <Yale>hai</Yale>
  <Tongyong>hai</Tongyong>
 </item>
 <item>
  <Hanyu>han</Hanyu>
  <Wade>han</Wade>
  <MPSII>han</MPSII>
  <Yale>han</Yale>
  <Tongyong>han</Tongyong>
 </item>
 <item>
  <Hanyu>hang</Hanyu>
  <Wade>hang</Wade>
  <MPSII>hang</MPSII>
  <Yale>hang</Yale>
  <Tongyong>hang</Tongyong>
 </item>
 <item>
  <Hanyu>hao</Hanyu>
  <Wade>hao</Wade>
  <MPSII>hau</MPSII>
  <Yale>hau</Yale>
  <Tongyong>hao</Tongyong>
 </item>
 <item>
  <Hanyu>he</Hanyu>
  <Wade>ho</Wade>
  <MPSII>he</MPSII>
  <Yale>he</Yale>
  <Tongyong>he</Tongyong>
 </item>
 <item>
  <Hanyu>hei</Hanyu>
  <Wade>hei</Wade>
  <MPSII>hei</MPSII>
  <Yale>hei</Yale>
  <Tongyong>hei</Tongyong>
 </item>
 <item>
  <Hanyu>hen</Hanyu>
  <Wade>hen</Wade>
  <MPSII>hen</MPSII>
  <Yale>hen</Yale>
  <Tongyong>hen</Tongyong>
 </item>
 <item>
  <Hanyu>heng</Hanyu>
  <Wade>heng</Wade>
  <MPSII>heng</MPSII>
  <Yale>heng</Yale>
  <Tongyong>heng</Tongyong>
 </item>
 <item>
  <Hanyu>hong</Hanyu>
  <Wade>hung</Wade>
  <MPSII>hung</MPSII>
  <Yale>hung</Yale>
  <Tongyong>hong</Tongyong>
 </item>
 <item>
  <Hanyu>hou</Hanyu>
  <Wade>hou</Wade>
  <MPSII>hou</MPSII>
  <Yale>hou</Yale>
  <Tongyong>hou</Tongyong>
 </item>
 <item>
  <Hanyu>hu</Hanyu>
  <Wade>hu</Wade>
  <MPSII>hu</MPSII>
  <Yale>hu</Yale>
  <Tongyong>hu</Tongyong>
 </item>
 <item>
  <Hanyu>hua</Hanyu>
  <Wade>hua</Wade>
  <MPSII>hua</MPSII>
  <Yale>hwa</Yale>
  <Tongyong>hua</Tongyong>
 </item>
 <item>
  <Hanyu>huai</Hanyu>
  <Wade>huai</Wade>
  <MPSII>huai</MPSII>
  <Yale>hwai</Yale>
  <Tongyong>huai</Tongyong>
 </item>
 <item>
  <Hanyu>huan</Hanyu>
  <Wade>huan</Wade>
  <MPSII>huan</MPSII>
  <Yale>hwan</Yale>
  <Tongyong>huan</Tongyong>
 </item>
 <item>
  <Hanyu>huang</Hanyu>
  <Wade>huang</Wade>
  <MPSII>huang</MPSII>
  <Yale>hwang</Yale>
  <Tongyong>huang</Tongyong>
 </item>
 <item>
  <Hanyu>hui</Hanyu>
  <Wade>hui</Wade>
  <MPSII>huei</MPSII>
  <Yale>hwei</Yale>
  <Tongyong>huei</Tongyong>
 </item>
 <item>
  <Hanyu>hun</Hanyu>
  <Wade>hun</Wade>
  <MPSII>huen</MPSII>
  <Yale>hwen</Yale>
  <Tongyong>hun</Tongyong>
 </item>
 <item>
  <Hanyu>huo</Hanyu>
  <Wade>huo</Wade>
  <MPSII>huo</MPSII>
  <Yale>hwo</Yale>
  <Tongyong>huo</Tongyong>
 </item>
 <item>
  <Hanyu>zha</Hanyu>
  <Wade>cha</Wade>
  <MPSII>ja</MPSII>
  <Yale>ja</Yale>
  <Tongyong>jha</Tongyong>
 </item>
 <item>
  <Hanyu>zhai</Hanyu>
  <Wade>chai</Wade>
  <MPSII>jai</MPSII>
  <Yale>jai</Yale>
  <Tongyong>jhai</Tongyong>
 </item>
 <item>
  <Hanyu>zhan</Hanyu>
  <Wade>chan</Wade>
  <MPSII>jan</MPSII>
  <Yale>jan</Yale>
  <Tongyong>jhan</Tongyong>
 </item>
 <item>
  <Hanyu>zhang</Hanyu>
  <Wade>chang</Wade>
  <MPSII>jang</MPSII>
  <Yale>jang</Yale>
  <Tongyong>jhang</Tongyong>
 </item>
 <item>
  <Hanyu>zhao</Hanyu>
  <Wade>chao</Wade>
  <MPSII>jau</MPSII>
  <Yale>jau</Yale>
  <Tongyong>jhao</Tongyong>
 </item>
 <item>
  <Hanyu>zhe</Hanyu>
  <Wade>che</Wade>
  <MPSII>je</MPSII>
  <Yale>je</Yale>
  <Tongyong>jhe</Tongyong>
 </item>
 <item>
  <Hanyu>zhei</Hanyu>
  <Wade>chei</Wade>
  <MPSII>jei</MPSII>
  <Yale>jei</Yale>
  <Tongyong>jhei</Tongyong>
 </item>
 <item>
  <Hanyu>zhen</Hanyu>
  <Wade>chen</Wade>
  <MPSII>jen</MPSII>
  <Yale>jen</Yale>
  <Tongyong>jhen</Tongyong>
 </item>
 <item>
  <Hanyu>zheng</Hanyu>
  <Wade>cheng</Wade>
  <MPSII>jeng</MPSII>
  <Yale>jeng</Yale>
  <Tongyong>jheng</Tongyong>
 </item>
 <item>
  <Hanyu>zhi</Hanyu>
  <Wade>chih</Wade>
  <MPSII>jr</MPSII>
  <Yale>jr</Yale>
  <Tongyong>jhih</Tongyong>
 </item>
 <item>
  <Hanyu>zhong</Hanyu>
  <Wade>chung</Wade>
  <MPSII>jung</MPSII>
  <Yale>jung</Yale>
  <Tongyong>jhong</Tongyong>
 </item>
 <item>
  <Hanyu>zhou</Hanyu>
  <Wade>chou</Wade>
  <MPSII>jou</MPSII>
  <Yale>jou</Yale>
  <Tongyong>jhou</Tongyong>
 </item>
 <item>
  <Hanyu>zhu</Hanyu>
  <Wade>chu</Wade>
  <MPSII>ju</MPSII>
  <Yale>ju</Yale>
  <Tongyong>jhu</Tongyong>
 </item>
 <item>
  <Hanyu>zhua</Hanyu>
  <Wade>chua</Wade>
  <MPSII>jua</MPSII>
  <Yale>jwa</Yale>
  <Tongyong>jhua</Tongyong>
 </item>
 <item>
  <Hanyu>zhuai</Hanyu>
  <Wade>chuai</Wade>
  <MPSII>juai</MPSII>
  <Yale>jwai</Yale>
  <Tongyong>jhuai</Tongyong>
 </item>
 <item>
  <Hanyu>zhuan</Hanyu>
  <Wade>chuan</Wade>
  <MPSII>juan</MPSII>
  <Yale>jwan</Yale>
  <Tongyong>jhuan</Tongyong>
 </item>
 <item>
  <Hanyu>zhuang</Hanyu>
  <Wade>chuang</Wade>
  <MPSII>juang</MPSII>
  <Yale>jwang</Yale>
  <Tongyong>jhuang</Tongyong>
 </item>
 <item>
  <Hanyu>zhui</Hanyu>
  <Wade>chui</Wade>
  <MPSII>juei</MPSII>
  <Yale>jwei</Yale>
  <Tongyong>jhuei</Tongyong>
 </item>
 <item>
  <Hanyu>zhun</Hanyu>
  <Wade>chun</Wade>
  <MPSII>juen</MPSII>
  <Yale>jwen</Yale>
  <Tongyong>jhun</Tongyong>
 </item>
 <item>
  <Hanyu>zhuo</Hanyu>
  <Wade>cho</Wade>
  <MPSII>juo</MPSII>
  <Yale>jwo</Yale>
  <Tongyong>jhuo</Tongyong>
 </item>
 <item>
  <Hanyu>ji</Hanyu>
  <Wade>chi</Wade>
  <MPSII>ji</MPSII>
  <Yale>ji</Yale>
  <Tongyong>ji</Tongyong>
 </item>
 <item>
  <Hanyu>jia</Hanyu>
  <Wade>chia</Wade>
  <MPSII>jia</MPSII>
  <Yale>jya</Yale>
  <Tongyong>jia</Tongyong>
 </item>
 <item>
  <Hanyu>jian</Hanyu>
  <Wade>chien</Wade>
  <MPSII>jian</MPSII>
  <Yale>jyan</Yale>
  <Tongyong>jian</Tongyong>
 </item>
 <item>
  <Hanyu>jiang</Hanyu>
  <Wade>chiang</Wade>
  <MPSII>jiang</MPSII>
  <Yale>jyang</Yale>
  <Tongyong>jiang</Tongyong>
 </item>
 <item>
  <Hanyu>jiao</Hanyu>
  <Wade>chiao</Wade>
  <MPSII>jiau</MPSII>
  <Yale>jyau</Yale>
  <Tongyong>jiao</Tongyong>
 </item>
 <item>
  <Hanyu>jie</Hanyu>
  <Wade>chieh</Wade>
  <MPSII>jie</MPSII>
  <Yale>jye</Yale>
  <Tongyong>jie</Tongyong>
 </item>
 <item>
  <Hanyu>jin</Hanyu>
  <Wade>chin</Wade>
  <MPSII>jin</MPSII>
  <Yale>jin</Yale>
  <Tongyong>jin</Tongyong>
 </item>
 <item>
  <Hanyu>jing</Hanyu>
  <Wade>ching</Wade>
  <MPSII>jing</MPSII>
  <Yale>jing</Yale>
  <Tongyong>jing</Tongyong>
 </item>
 <item>
  <Hanyu>jiu</Hanyu>
  <Wade>chiu</Wade>
  <MPSII>jiou</MPSII>
  <Yale>jyou</Yale>
  <Tongyong>jiou</Tongyong>
 </item>
 <item>
  <Hanyu>jiong</Hanyu>
  <Wade>chiung</Wade>
  <MPSII>jiung</MPSII>
  <Yale>jyung</Yale>
  <Tongyong>jyong</Tongyong>
 </item>
 <item>
  <Hanyu>ju</Hanyu>
  <Wade>chu:</Wade>
  <MPSII>jiu</MPSII>
  <Yale>jyu</Yale>
  <Tongyong>jyu</Tongyong>
 </item>
 <item>
  <Hanyu>juan</Hanyu>
  <Wade>chu:an</Wade>
  <MPSII>jiuan</MPSII>
  <Yale>jywan</Yale>
  <Tongyong>jyuan</Tongyong>
 </item>
 <item>
  <Hanyu>jue</Hanyu>
  <Wade>chu:eh</Wade>
  <MPSII>jiue</MPSII>
  <Yale>jywe</Yale>
  <Tongyong>jyue</Tongyong>
 </item>
 <item>
  <Hanyu>jun</Hanyu>
  <Wade>chu:n</Wade>
  <MPSII>jiun</MPSII>
  <Yale>jyun</Yale>
  <Tongyong>jyun</Tongyong>
 </item>
 <item>
  <Hanyu>ka</Hanyu>
  <Wade>k`a</Wade>
  <MPSII>ka</MPSII>
  <Yale>ka</Yale>
  <Tongyong>ka</Tongyong>
 </item>
 <item>
  <Hanyu>kai</Hanyu>
  <Wade>k`ai</Wade>
  <MPSII>kai</MPSII>
  <Yale>kai</Yale>
  <Tongyong>kai</Tongyong>
 </item>
 <item>
  <Hanyu>kan</Hanyu>
  <Wade>k`an</Wade>
  <MPSII>kan</MPSII>
  <Yale>kan</Yale>
  <Tongyong>kan</Tongyong>
 </item>
 <item>
  <Hanyu>kang</Hanyu>
  <Wade>k`ang</Wade>
  <MPSII>kang</MPSII>
  <Yale>kang</Yale>
  <Tongyong>kang</Tongyong>
 </item>
 <item>
  <Hanyu>kao</Hanyu>
  <Wade>k`ao</Wade>
  <MPSII>kau</MPSII>
  <Yale>kau</Yale>
  <Tongyong>kao</Tongyong>
 </item>
 <item>
  <Hanyu>ke</Hanyu>
  <Wade>k`o</Wade>
  <MPSII>ke</MPSII>
  <Yale>ke</Yale>
  <Tongyong>ke</Tongyong>
 </item>
 <item>
  <Hanyu>ken</Hanyu>
  <Wade>k`en</Wade>
  <MPSII>ken</MPSII>
  <Yale>ken</Yale>
  <Tongyong>ken</Tongyong>
 </item>
 <item>
  <Hanyu>keng</Hanyu>
  <Wade>k`eng</Wade>
  <MPSII>keng</MPSII>
  <Yale>keng</Yale>
  <Tongyong>keng</Tongyong>
 </item>
 <item>
  <Hanyu>kong</Hanyu>
  <Wade>k`ung</Wade>
  <MPSII>kung</MPSII>
  <Yale>kung</Yale>
  <Tongyong>kong</Tongyong>
 </item>
 <item>
  <Hanyu>kou</Hanyu>
  <Wade>k`ou</Wade>
  <MPSII>kou</MPSII>
  <Yale>kou</Yale>
  <Tongyong>kou</Tongyong>
 </item>
 <item>
  <Hanyu>ku</Hanyu>
  <Wade>k`u</Wade>
  <MPSII>ku</MPSII>
  <Yale>ku</Yale>
  <Tongyong>ku</Tongyong>
 </item>
 <item>
  <Hanyu>kua</Hanyu>
  <Wade>k`ua</Wade>
  <MPSII>kua</MPSII>
  <Yale>kwa</Yale>
  <Tongyong>kua</Tongyong>
 </item>
 <item>
  <Hanyu>kuai</Hanyu>
  <Wade>k`uai</Wade>
  <MPSII>kuai</MPSII>
  <Yale>kwai</Yale>
  <Tongyong>kuai</Tongyong>
 </item>
 <item>
  <Hanyu>kuan</Hanyu>
  <Wade>k`uan</Wade>
  <MPSII>kuan</MPSII>
  <Yale>kwan</Yale>
  <Tongyong>kuan</Tongyong>
 </item>
 <item>
  <Hanyu>kuang</Hanyu>
  <Wade>k`uang</Wade>
  <MPSII>kuang</MPSII>
  <Yale>kwang</Yale>
  <Tongyong>kuang</Tongyong>
 </item>
 <item>
  <Hanyu>kui</Hanyu>
  <Wade>k`uei</Wade>
  <MPSII>kuei</MPSII>
  <Yale>kwei</Yale>
  <Tongyong>kuei</Tongyong>
 </item>
 <item>
  <Hanyu>kun</Hanyu>
  <Wade>k`un</Wade>
  <MPSII>kuen</MPSII>
  <Yale>kwen</Yale>
  <Tongyong>kun</Tongyong>
 </item>
 <item>
  <Hanyu>kuo</Hanyu>
  <Wade>k`uo</Wade>
  <MPSII>kuo</MPSII>
  <Yale>kwo</Yale>
  <Tongyong>kuo</Tongyong>
 </item>
 <item>
  <Hanyu>la</Hanyu>
  <Wade>la</Wade>
  <MPSII>la</MPSII>
  <Yale>la</Yale>
  <Tongyong>la</Tongyong>
 </item>
 <item>
  <Hanyu>lai</Hanyu>
  <Wade>lai</Wade>
  <MPSII>lai</MPSII>
  <Yale>lai</Yale>
  <Tongyong>lai</Tongyong>
 </item>
 <item>
  <Hanyu>lan</Hanyu>
  <Wade>lan</Wade>
  <MPSII>lan</MPSII>
  <Yale>lan</Yale>
  <Tongyong>lan</Tongyong>
 </item>
 <item>
  <Hanyu>lang</Hanyu>
  <Wade>lang</Wade>
  <MPSII>lang</MPSII>
  <Yale>lang</Yale>
  <Tongyong>lang</Tongyong>
 </item>
 <item>
  <Hanyu>lao</Hanyu>
  <Wade>lao</Wade>
  <MPSII>lau</MPSII>
  <Yale>lau</Yale>
  <Tongyong>lao</Tongyong>
 </item>
 <item>
  <Hanyu>le</Hanyu>
  <Wade>le</Wade>
  <MPSII>le</MPSII>
  <Yale>le</Yale>
  <Tongyong>le</Tongyong>
 </item>
 <item>
  <Hanyu>lei</Hanyu>
  <Wade>lei</Wade>
  <MPSII>lei</MPSII>
  <Yale>lei</Yale>
  <Tongyong>lei</Tongyong>
 </item>
 <item>
  <Hanyu>leng</Hanyu>
  <Wade>leng</Wade>
  <MPSII>leng</MPSII>
  <Yale>leng</Yale>
  <Tongyong>leng</Tongyong>
 </item>
 <item>
  <Hanyu>li</Hanyu>
  <Wade>li</Wade>
  <MPSII>li</MPSII>
  <Yale>li</Yale>
  <Tongyong>li</Tongyong>
 </item>
 <item>
  <Hanyu>lia</Hanyu>
  <Wade>lia</Wade>
  <MPSII>lia</MPSII>
  <Yale>lya</Yale>
  <Tongyong>lia</Tongyong>
 </item>
 <item>
  <Hanyu>lian</Hanyu>
  <Wade>lien</Wade>
  <MPSII>lian</MPSII>
  <Yale>lyan</Yale>
  <Tongyong>lian</Tongyong>
 </item>
 <item>
  <Hanyu>liang</Hanyu>
  <Wade>liang</Wade>
  <MPSII>liang</MPSII>
  <Yale>lyang</Yale>
  <Tongyong>liang</Tongyong>
 </item>
 <item>
  <Hanyu>liao</Hanyu>
  <Wade>liao</Wade>
  <MPSII>liau</MPSII>
  <Yale>lyau</Yale>
  <Tongyong>liao</Tongyong>
 </item>
 <item>
  <Hanyu>lie</Hanyu>
  <Wade>lieh</Wade>
  <MPSII>lie</MPSII>
  <Yale>lye</Yale>
  <Tongyong>lie</Tongyong>
 </item>
 <item>
  <Hanyu>lin</Hanyu>
  <Wade>lin</Wade>
  <MPSII>lin</MPSII>
  <Yale>lin</Yale>
  <Tongyong>lin</Tongyong>
 </item>
 <item>
  <Hanyu>ling</Hanyu>
  <Wade>ling</Wade>
  <MPSII>ling</MPSII>
  <Yale>ling</Yale>
  <Tongyong>ling</Tongyong>
 </item>
 <item>
  <Hanyu>liu</Hanyu>
  <Wade>liu</Wade>
  <MPSII>liou</MPSII>
  <Yale>lyou</Yale>
  <Tongyong>liou</Tongyong>
 </item>
 <item>
  <Hanyu>lo</Hanyu>
  <Wade>lo</Wade>
  <MPSII>lo</MPSII>
  <Yale>lo</Yale>
  <Tongyong>lo</Tongyong>
 </item>
 <item>
  <Hanyu>long</Hanyu>
  <Wade>lung</Wade>
  <MPSII>lung</MPSII>
  <Yale>lung</Yale>
  <Tongyong>long</Tongyong>
 </item>
 <item>
  <Hanyu>lou</Hanyu>
  <Wade>lou</Wade>
  <MPSII>lou</MPSII>
  <Yale>lou</Yale>
  <Tongyong>lou</Tongyong>
 </item>
 <item>
  <Hanyu>lu</Hanyu>
  <Wade>lu</Wade>
  <MPSII>lu</MPSII>
  <Yale>lu</Yale>
  <Tongyong>lu</Tongyong>
 </item>
 <item>
  <Hanyu>luan</Hanyu>
  <Wade>luan</Wade>
  <MPSII>luan</MPSII>
  <Yale>lwan</Yale>
  <Tongyong>luan</Tongyong>
 </item>
 <item>
  <Hanyu>lun</Hanyu>
  <Wade>lun</Wade>
  <MPSII>luen</MPSII>
  <Yale>lwun</Yale>
  <Tongyong>lun</Tongyong>
 </item>
 <item>
  <Hanyu>luo</Hanyu>
  <Wade>lo</Wade>
  <MPSII>luo</MPSII>
  <Yale>lwo</Yale>
  <Tongyong>luo</Tongyong>
 </item>
 <item>
  <Hanyu>lu:</Hanyu>
  <Wade>lu:</Wade>
  <MPSII>liu</MPSII>
  <Yale>lyu</Yale>
  <Tongyong>lyu</Tongyong>
 </item>
 <item>
  <Hanyu>lu:e</Hanyu>
  <Wade>lu:eh</Wade>
  <MPSII>liue</MPSII>
  <Yale>lywe</Yale>
  <Tongyong>lyue</Tongyong>
 </item>
 <item>
  <Hanyu>lu:n</Hanyu>
  <Wade>lu:n</Wade>
  <MPSII>liun</MPSII>
  <Yale>lyun</Yale>
  <Tongyong>lyun</Tongyong>
 </item>
 <item>
  <Hanyu>ma</Hanyu>
  <Wade>ma</Wade>
  <MPSII>ma</MPSII>
  <Yale>ma</Yale>
  <Tongyong>ma</Tongyong>
 </item>
 <item>
  <Hanyu>mai</Hanyu>
  <Wade>mai</Wade>
  <MPSII>mai</MPSII>
  <Yale>mai</Yale>
  <Tongyong>mai</Tongyong>
 </item>
 <item>
  <Hanyu>man</Hanyu>
  <Wade>man</Wade>
  <MPSII>man</MPSII>
  <Yale>man</Yale>
  <Tongyong>man</Tongyong>
 </item>
 <item>
  <Hanyu>mang</Hanyu>
  <Wade>mang</Wade>
  <MPSII>mang</MPSII>
  <Yale>mang</Yale>
  <Tongyong>mang</Tongyong>
 </item>
 <item>
  <Hanyu>mao</Hanyu>
  <Wade>mao</Wade>
  <MPSII>mau</MPSII>
  <Yale>mau</Yale>
  <Tongyong>mao</Tongyong>
 </item>
 <item>
  <Hanyu>me</Hanyu>
  <Wade>me</Wade>
  <MPSII>me</MPSII>
  <Yale>me</Yale>
  <Tongyong>me</Tongyong>
 </item>
 <item>
  <Hanyu>mei</Hanyu>
  <Wade>mei</Wade>
  <MPSII>mei</MPSII>
  <Yale>mei</Yale>
  <Tongyong>mei</Tongyong>
 </item>
 <item>
  <Hanyu>men</Hanyu>
  <Wade>men</Wade>
  <MPSII>men</MPSII>
  <Yale>men</Yale>
  <Tongyong>men</Tongyong>
 </item>
 <item>
  <Hanyu>meng</Hanyu>
  <Wade>meng</Wade>
  <MPSII>meng</MPSII>
  <Yale>meng</Yale>
  <Tongyong>meng</Tongyong>
 </item>
 <item>
  <Hanyu>mi</Hanyu>
  <Wade>mi</Wade>
  <MPSII>mi</MPSII>
  <Yale>mi</Yale>
  <Tongyong>mi</Tongyong>
 </item>
 <item>
  <Hanyu>mian</Hanyu>
  <Wade>mien</Wade>
  <MPSII>mian</MPSII>
  <Yale>myan</Yale>
  <Tongyong>mian</Tongyong>
 </item>
 <item>
  <Hanyu>miao</Hanyu>
  <Wade>miao</Wade>
  <MPSII>miau</MPSII>
  <Yale>myau</Yale>
  <Tongyong>miao</Tongyong>
 </item>
 <item>
  <Hanyu>mie</Hanyu>
  <Wade>mieh</Wade>
  <MPSII>mie</MPSII>
  <Yale>mye</Yale>
  <Tongyong>mie</Tongyong>
 </item>
 <item>
  <Hanyu>min</Hanyu>
  <Wade>min</Wade>
  <MPSII>min</MPSII>
  <Yale>min</Yale>
  <Tongyong>min</Tongyong>
 </item>
 <item>
  <Hanyu>ming</Hanyu>
  <Wade>ming</Wade>
  <MPSII>ming</MPSII>
  <Yale>ming</Yale>
  <Tongyong>ming</Tongyong>
 </item>
 <item>
  <Hanyu>miu</Hanyu>
  <Wade>miu</Wade>
  <MPSII>miou</MPSII>
  <Yale>myou</Yale>
  <Tongyong>miou</Tongyong>
 </item>
 <item>
  <Hanyu>mo</Hanyu>
  <Wade>mo</Wade>
  <MPSII>mo</MPSII>
  <Yale>mwo</Yale>
  <Tongyong>mo</Tongyong>
 </item>
 <item>
  <Hanyu>mou</Hanyu>
  <Wade>mou</Wade>
  <MPSII>mou</MPSII>
  <Yale>mou</Yale>
  <Tongyong>mou</Tongyong>
 </item>
 <item>
  <Hanyu>mu</Hanyu>
  <Wade>mu</Wade>
  <MPSII>mu</MPSII>
  <Yale>mu</Yale>
  <Tongyong>mu</Tongyong>
 </item>
 <item>
  <Hanyu>na</Hanyu>
  <Wade>na</Wade>
  <MPSII>na</MPSII>
  <Yale>na</Yale>
  <Tongyong>na</Tongyong>
 </item>
 <item>
  <Hanyu>nai</Hanyu>
  <Wade>nai</Wade>
  <MPSII>nai</MPSII>
  <Yale>nai</Yale>
  <Tongyong>nai</Tongyong>
 </item>
 <item>
  <Hanyu>nan</Hanyu>
  <Wade>nan</Wade>
  <MPSII>nan</MPSII>
  <Yale>nan</Yale>
  <Tongyong>nan</Tongyong>
 </item>
 <item>
  <Hanyu>nang</Hanyu>
  <Wade>nang</Wade>
  <MPSII>nang</MPSII>
  <Yale>nang</Yale>
  <Tongyong>nang</Tongyong>
 </item>
 <item>
  <Hanyu>nao</Hanyu>
  <Wade>nao</Wade>
  <MPSII>nau</MPSII>
  <Yale>nau</Yale>
  <Tongyong>nao</Tongyong>
 </item>
 <item>
  <Hanyu>ne</Hanyu>
  <Wade>ne</Wade>
  <MPSII>ne</MPSII>
  <Yale>ne</Yale>
  <Tongyong>ne</Tongyong>
 </item>
 <item>
  <Hanyu>nei</Hanyu>
  <Wade>nei</Wade>
  <MPSII>nei</MPSII>
  <Yale>nei</Yale>
  <Tongyong>nei</Tongyong>
 </item>
 <item>
  <Hanyu>nen</Hanyu>
  <Wade>nen</Wade>
  <MPSII>nen</MPSII>
  <Yale>nen</Yale>
  <Tongyong>nen</Tongyong>
 </item>
 <item>
  <Hanyu>neng</Hanyu>
  <Wade>neng</Wade>
  <MPSII>neng</MPSII>
  <Yale>neng</Yale>
  <Tongyong>neng</Tongyong>
 </item>
 <item>
  <Hanyu>ni</Hanyu>
  <Wade>ni</Wade>
  <MPSII>ni</MPSII>
  <Yale>ni</Yale>
  <Tongyong>ni</Tongyong>
 </item>
 <item>
  <Hanyu>nia</Hanyu>
  <Wade>nia</Wade>
  <MPSII>nia</MPSII>
  <Yale>nya</Yale>
  <Tongyong>nia</Tongyong>
 </item>
 <item>
  <Hanyu>nian</Hanyu>
  <Wade>nien</Wade>
  <MPSII>nian</MPSII>
  <Yale>nyan</Yale>
  <Tongyong>nian</Tongyong>
 </item>
 <item>
  <Hanyu>niang</Hanyu>
  <Wade>niang</Wade>
  <MPSII>niang</MPSII>
  <Yale>nyang</Yale>
  <Tongyong>niang</Tongyong>
 </item>
 <item>
  <Hanyu>niao</Hanyu>
  <Wade>niao</Wade>
  <MPSII>niau</MPSII>
  <Yale>nyau</Yale>
  <Tongyong>niao</Tongyong>
 </item>
 <item>
  <Hanyu>nie</Hanyu>
  <Wade>nieh</Wade>
  <MPSII>nie</MPSII>
  <Yale>nye</Yale>
  <Tongyong>nie</Tongyong>
 </item>
 <item>
  <Hanyu>nin</Hanyu>
  <Wade>nin</Wade>
  <MPSII>nin</MPSII>
  <Yale>nin</Yale>
  <Tongyong>nin</Tongyong>
 </item>
 <item>
  <Hanyu>ning</Hanyu>
  <Wade>ning</Wade>
  <MPSII>ning</MPSII>
  <Yale>ning</Yale>
  <Tongyong>ning</Tongyong>
 </item>
 <item>
  <Hanyu>niu</Hanyu>
  <Wade>niu</Wade>
  <MPSII>niou</MPSII>
  <Yale>nyou</Yale>
  <Tongyong>niou</Tongyong>
 </item>
 <item>
  <Hanyu>nong</Hanyu>
  <Wade>nung</Wade>
  <MPSII>nung</MPSII>
  <Yale>nung</Yale>
  <Tongyong>nong</Tongyong>
 </item>
 <item>
  <Hanyu>nou</Hanyu>
  <Wade>nou</Wade>
  <MPSII>nou</MPSII>
  <Yale>nou</Yale>
  <Tongyong>nou</Tongyong>
 </item>
 <item>
  <Hanyu>nu</Hanyu>
  <Wade>nu</Wade>
  <MPSII>nu</MPSII>
  <Yale>nu</Yale>
  <Tongyong>nu</Tongyong>
 </item>
 <item>
  <Hanyu>nuan</Hanyu>
  <Wade>nuan</Wade>
  <MPSII>nuan</MPSII>
  <Yale>nwan</Yale>
  <Tongyong>nuan</Tongyong>
 </item>
 <item>
  <Hanyu>nun</Hanyu>
  <Wade>nun</Wade>
  <MPSII>nuen</MPSII>
  <Yale>nwen</Yale>
  <Tongyong>nun</Tongyong>
 </item>
 <item>
  <Hanyu>nuo</Hanyu>
  <Wade>no</Wade>
  <MPSII>nuo</MPSII>
  <Yale>nwo</Yale>
  <Tongyong>nuo</Tongyong>
 </item>
 <item>
  <Hanyu>nu:</Hanyu>
  <Wade>nu:</Wade>
  <MPSII>niu</MPSII>
  <Yale>nyu</Yale>
  <Tongyong>nyu</Tongyong>
 </item>
 <item>
  <Hanyu>nu:e</Hanyu>
  <Wade>nu:eh</Wade>
  <MPSII>niue</MPSII>
  <Yale>nywe</Yale>
  <Tongyong>nyue</Tongyong>
 </item>
 <item>
  <Hanyu>ou</Hanyu>
  <Wade>ou</Wade>
  <MPSII>ou</MPSII>
  <Yale>ou</Yale>
  <Tongyong>ou</Tongyong>
 </item>
 <item>
  <Hanyu>pa</Hanyu>
  <Wade>p`a</Wade>
  <MPSII>pa</MPSII>
  <Yale>pa</Yale>
  <Tongyong>pa</Tongyong>
 </item>
 <item>
  <Hanyu>pai</Hanyu>
  <Wade>p`ai</Wade>
  <MPSII>pai</MPSII>
  <Yale>pai</Yale>
  <Tongyong>pai</Tongyong>
 </item>
 <item>
  <Hanyu>pan</Hanyu>
  <Wade>p`an</Wade>
  <MPSII>pan</MPSII>
  <Yale>pan</Yale>
  <Tongyong>pan</Tongyong>
 </item>
 <item>
  <Hanyu>pang</Hanyu>
  <Wade>p`ang</Wade>
  <MPSII>pang</MPSII>
  <Yale>pang</Yale>
  <Tongyong>pang</Tongyong>
 </item>
 <item>
  <Hanyu>pao</Hanyu>
  <Wade>p`ao</Wade>
  <MPSII>pau</MPSII>
  <Yale>pau</Yale>
  <Tongyong>pao</Tongyong>
 </item>
 <item>
  <Hanyu>pei</Hanyu>
  <Wade>p`ei</Wade>
  <MPSII>pei</MPSII>
  <Yale>pei</Yale>
  <Tongyong>pei</Tongyong>
 </item>
 <item>
  <Hanyu>pen</Hanyu>
  <Wade>p`en</Wade>
  <MPSII>pen</MPSII>
  <Yale>pen</Yale>
  <Tongyong>pen</Tongyong>
 </item>
 <item>
  <Hanyu>peng</Hanyu>
  <Wade>p`eng</Wade>
  <MPSII>peng</MPSII>
  <Yale>peng</Yale>
  <Tongyong>peng</Tongyong>
 </item>
 <item>
  <Hanyu>pi</Hanyu>
  <Wade>p`i</Wade>
  <MPSII>pi</MPSII>
  <Yale>pi</Yale>
  <Tongyong>pi</Tongyong>
 </item>
 <item>
  <Hanyu>pian</Hanyu>
  <Wade>p`ien</Wade>
  <MPSII>pian</MPSII>
  <Yale>pyan</Yale>
  <Tongyong>pian</Tongyong>
 </item>
 <item>
  <Hanyu>piao</Hanyu>
  <Wade>p`iao</Wade>
  <MPSII>piau</MPSII>
  <Yale>pyau</Yale>
  <Tongyong>piao</Tongyong>
 </item>
 <item>
  <Hanyu>pie</Hanyu>
  <Wade>p`ieh</Wade>
  <MPSII>pie</MPSII>
  <Yale>pye</Yale>
  <Tongyong>pie</Tongyong>
 </item>
 <item>
  <Hanyu>pin</Hanyu>
  <Wade>p`in</Wade>
  <MPSII>pin</MPSII>
  <Yale>pin</Yale>
  <Tongyong>pin</Tongyong>
 </item>
 <item>
  <Hanyu>ping</Hanyu>
  <Wade>p`ing</Wade>
  <MPSII>ping</MPSII>
  <Yale>ping</Yale>
  <Tongyong>ping</Tongyong>
 </item>
 <item>
  <Hanyu>po</Hanyu>
  <Wade>p`o</Wade>
  <MPSII>po</MPSII>
  <Yale>pwo</Yale>
  <Tongyong>po</Tongyong>
 </item>
 <item>
  <Hanyu>pou</Hanyu>
  <Wade>p`ou</Wade>
  <MPSII>pou</MPSII>
  <Yale>pou</Yale>
  <Tongyong>pou</Tongyong>
 </item>
 <item>
  <Hanyu>pu</Hanyu>
  <Wade>p`u</Wade>
  <MPSII>pu</MPSII>
  <Yale>pu</Yale>
  <Tongyong>pu</Tongyong>
 </item>
 <item>
  <Hanyu>ran</Hanyu>
  <Wade>jan</Wade>
  <MPSII>ran</MPSII>
  <Yale>ran</Yale>
  <Tongyong>ran</Tongyong>
 </item>
 <item>
  <Hanyu>rang</Hanyu>
  <Wade>jang</Wade>
  <MPSII>rang</MPSII>
  <Yale>rang</Yale>
  <Tongyong>rang</Tongyong>
 </item>
 <item>
  <Hanyu>rao</Hanyu>
  <Wade>jao</Wade>
  <MPSII>rau</MPSII>
  <Yale>rau</Yale>
  <Tongyong>rao</Tongyong>
 </item>
 <item>
  <Hanyu>re</Hanyu>
  <Wade>je</Wade>
  <MPSII>re</MPSII>
  <Yale>re</Yale>
  <Tongyong>re</Tongyong>
 </item>
 <item>
  <Hanyu>ren</Hanyu>
  <Wade>jen</Wade>
  <MPSII>ren</MPSII>
  <Yale>ren</Yale>
  <Tongyong>ren</Tongyong>
 </item>
 <item>
  <Hanyu>reng</Hanyu>
  <Wade>jeng</Wade>
  <MPSII>reng</MPSII>
  <Yale>reng</Yale>
  <Tongyong>reng</Tongyong>
 </item>
 <item>
  <Hanyu>ri</Hanyu>
  <Wade>jih</Wade>
  <MPSII>r</MPSII>
  <Yale>r</Yale>
  <Tongyong>rih</Tongyong>
 </item>
 <item>
  <Hanyu>rong</Hanyu>
  <Wade>jung</Wade>
  <MPSII>rung</MPSII>
  <Yale>rung</Yale>
  <Tongyong>rong</Tongyong>
 </item>
 <item>
  <Hanyu>rou</Hanyu>
  <Wade>jou</Wade>
  <MPSII>rou</MPSII>
  <Yale>rou</Yale>
  <Tongyong>rou</Tongyong>
 </item>
 <item>
  <Hanyu>ru</Hanyu>
  <Wade>ju</Wade>
  <MPSII>ru</MPSII>
  <Yale>ru</Yale>
  <Tongyong>ru</Tongyong>
 </item>
 <item>
  <Hanyu>ruan</Hanyu>
  <Wade>juan</Wade>
  <MPSII>ruan</MPSII>
  <Yale>rwan</Yale>
  <Tongyong>ruan</Tongyong>
 </item>
 <item>
  <Hanyu>rui</Hanyu>
  <Wade>jui</Wade>
  <MPSII>ruei</MPSII>
  <Yale>rwei</Yale>
  <Tongyong>ruei</Tongyong>
 </item>
 <item>
  <Hanyu>run</Hanyu>
  <Wade>jun</Wade>
  <MPSII>ruen</MPSII>
  <Yale>rwun</Yale>
  <Tongyong>run</Tongyong>
 </item>
 <item>
  <Hanyu>ruo</Hanyu>
  <Wade>jo</Wade>
  <MPSII>ruo</MPSII>
  <Yale>rwo</Yale>
  <Tongyong>ruo</Tongyong>
 </item>
 <item>
  <Hanyu>sa</Hanyu>
  <Wade>sa</Wade>
  <MPSII>sa</MPSII>
  <Yale>sa</Yale>
  <Tongyong>sa</Tongyong>
 </item>
 <item>
  <Hanyu>sai</Hanyu>
  <Wade>sai</Wade>
  <MPSII>sai</MPSII>
  <Yale>sai</Yale>
  <Tongyong>sai</Tongyong>
 </item>
 <item>
  <Hanyu>san</Hanyu>
  <Wade>san</Wade>
  <MPSII>san</MPSII>
  <Yale>san</Yale>
  <Tongyong>san</Tongyong>
 </item>
 <item>
  <Hanyu>sang</Hanyu>
  <Wade>sang</Wade>
  <MPSII>sang</MPSII>
  <Yale>sang</Yale>
  <Tongyong>sang</Tongyong>
 </item>
 <item>
  <Hanyu>sao</Hanyu>
  <Wade>sao</Wade>
  <MPSII>sau</MPSII>
  <Yale>sau</Yale>
  <Tongyong>sao</Tongyong>
 </item>
 <item>
  <Hanyu>se</Hanyu>
  <Wade>se</Wade>
  <MPSII>se</MPSII>
  <Yale>se</Yale>
  <Tongyong>se</Tongyong>
 </item>
 <item>
  <Hanyu>sei</Hanyu>
  <Wade>sei</Wade>
  <MPSII>sei</MPSII>
  <Yale>sei</Yale>
  <Tongyong>sei</Tongyong>
 </item>
 <item>
  <Hanyu>sen</Hanyu>
  <Wade>sen</Wade>
  <MPSII>sen</MPSII>
  <Yale>sen</Yale>
  <Tongyong>sen</Tongyong>
 </item>
 <item>
  <Hanyu>seng</Hanyu>
  <Wade>seng</Wade>
  <MPSII>seng</MPSII>
  <Yale>seng</Yale>
  <Tongyong>seng</Tongyong>
 </item>
 <item>
  <Hanyu>sha</Hanyu>
  <Wade>sha</Wade>
  <MPSII>sha</MPSII>
  <Yale>sha</Yale>
  <Tongyong>sha</Tongyong>
 </item>
 <item>
  <Hanyu>shai</Hanyu>
  <Wade>shai</Wade>
  <MPSII>shai</MPSII>
  <Yale>shai</Yale>
  <Tongyong>shai</Tongyong>
 </item>
 <item>
  <Hanyu>shan</Hanyu>
  <Wade>shan</Wade>
  <MPSII>shan</MPSII>
  <Yale>shan</Yale>
  <Tongyong>shan</Tongyong>
 </item>
 <item>
  <Hanyu>shang</Hanyu>
  <Wade>shang</Wade>
  <MPSII>shang</MPSII>
  <Yale>shang</Yale>
  <Tongyong>shang</Tongyong>
 </item>
 <item>
  <Hanyu>shao</Hanyu>
  <Wade>shao</Wade>
  <MPSII>shau</MPSII>
  <Yale>shau</Yale>
  <Tongyong>shao</Tongyong>
 </item>
 <item>
  <Hanyu>she</Hanyu>
  <Wade>she</Wade>
  <MPSII>she</MPSII>
  <Yale>she</Yale>
  <Tongyong>she</Tongyong>
 </item>
 <item>
  <Hanyu>shei</Hanyu>
  <Wade>shei</Wade>
  <MPSII>shei</MPSII>
  <Yale>shei</Yale>
  <Tongyong>shei</Tongyong>
 </item>
 <item>
  <Hanyu>shen</Hanyu>
  <Wade>shen</Wade>
  <MPSII>shen</MPSII>
  <Yale>shen</Yale>
  <Tongyong>shen</Tongyong>
 </item>
 <item>
  <Hanyu>sheng</Hanyu>
  <Wade>sheng</Wade>
  <MPSII>sheng</MPSII>
  <Yale>sheng</Yale>
  <Tongyong>sheng</Tongyong>
 </item>
 <item>
  <Hanyu>shi</Hanyu>
  <Wade>shih</Wade>
  <MPSII>shr</MPSII>
  <Yale>shr</Yale>
  <Tongyong>shih</Tongyong>
 </item>
 <item>
  <Hanyu>shong</Hanyu>
  <Wade>shung</Wade>
  <MPSII>shung</MPSII>
  <Yale>shung</Yale>
  <Tongyong>shong</Tongyong>
 </item>
 <item>
  <Hanyu>shou</Hanyu>
  <Wade>shou</Wade>
  <MPSII>shou</MPSII>
  <Yale>shou</Yale>
  <Tongyong>shou</Tongyong>
 </item>
 <item>
  <Hanyu>shu</Hanyu>
  <Wade>shu</Wade>
  <MPSII>shu</MPSII>
  <Yale>shu</Yale>
  <Tongyong>shu</Tongyong>
 </item>
 <item>
  <Hanyu>shua</Hanyu>
  <Wade>shua</Wade>
  <MPSII>shua</MPSII>
  <Yale>shwa</Yale>
  <Tongyong>shua</Tongyong>
 </item>
 <item>
  <Hanyu>shuai</Hanyu>
  <Wade>shuai</Wade>
  <MPSII>shuai</MPSII>
  <Yale>shwai</Yale>
  <Tongyong>shuai</Tongyong>
 </item>
 <item>
  <Hanyu>shuan</Hanyu>
  <Wade>shuan</Wade>
  <MPSII>shuan</MPSII>
  <Yale>shwan</Yale>
  <Tongyong>shuan</Tongyong>
 </item>
 <item>
  <Hanyu>shuang</Hanyu>
  <Wade>shuang</Wade>
  <MPSII>shuang</MPSII>
  <Yale>shwang</Yale>
  <Tongyong>shuang</Tongyong>
 </item>
 <item>
  <Hanyu>shui</Hanyu>
  <Wade>shui</Wade>
  <MPSII>shuei</MPSII>
  <Yale>shwei</Yale>
  <Tongyong>shuei</Tongyong>
 </item>
 <item>
  <Hanyu>shun</Hanyu>
  <Wade>shun</Wade>
  <MPSII>shuen</MPSII>
  <Yale>shwun</Yale>
  <Tongyong>shun</Tongyong>
 </item>
 <item>
  <Hanyu>shuo</Hanyu>
  <Wade>shuo</Wade>
  <MPSII>shuo</MPSII>
  <Yale>shwo</Yale>
  <Tongyong>shuo</Tongyong>
 </item>
 <item>
  <Hanyu>xi</Hanyu>
  <Wade>hsi</Wade>
  <MPSII>shi</MPSII>
  <Yale>syi</Yale>
  <Tongyong>si</Tongyong>
 </item>
 <item>
  <Hanyu>xia</Hanyu>
  <Wade>hsia</Wade>
  <MPSII>shia</MPSII>
  <Yale>sya</Yale>
  <Tongyong>sia</Tongyong>
 </item>
 <item>
  <Hanyu>xian</Hanyu>
  <Wade>hsien</Wade>
  <MPSII>shian</MPSII>
  <Yale>syan</Yale>
  <Tongyong>sian</Tongyong>
 </item>
 <item>
  <Hanyu>xiang</Hanyu>
  <Wade>hsiang</Wade>
  <MPSII>shiang</MPSII>
  <Yale>syang</Yale>
  <Tongyong>siang</Tongyong>
 </item>
 <item>
  <Hanyu>xiao</Hanyu>
  <Wade>hsiao</Wade>
  <MPSII>shiau</MPSII>
  <Yale>syau</Yale>
  <Tongyong>siao</Tongyong>
 </item>
 <item>
  <Hanyu>xie</Hanyu>
  <Wade>hsieh</Wade>
  <MPSII>shie</MPSII>
  <Yale>sye</Yale>
  <Tongyong>sie</Tongyong>
 </item>
 <item>
  <Hanyu>si</Hanyu>
  <Wade>ssu</Wade>
  <MPSII>sz</MPSII>
  <Yale>sz</Yale>
  <Tongyong>sih</Tongyong>
 </item>
 <item>
  <Hanyu>xin</Hanyu>
  <Wade>hsin</Wade>
  <MPSII>shin</MPSII>
  <Yale>syin</Yale>
  <Tongyong>sin</Tongyong>
 </item>
 <item>
  <Hanyu>xing</Hanyu>
  <Wade>hsing</Wade>
  <MPSII>shing</MPSII>
  <Yale>sying</Yale>
  <Tongyong>sing</Tongyong>
 </item>
 <item>
  <Hanyu>xiu</Hanyu>
  <Wade>hsiu</Wade>
  <MPSII>shiou</MPSII>
  <Yale>syou</Yale>
  <Tongyong>siou</Tongyong>
 </item>
 <item>
  <Hanyu>song</Hanyu>
  <Wade>sung</Wade>
  <MPSII>sung</MPSII>
  <Yale>sung</Yale>
  <Tongyong>song</Tongyong>
 </item>
 <item>
  <Hanyu>sou</Hanyu>
  <Wade>sou</Wade>
  <MPSII>sou</MPSII>
  <Yale>sou</Yale>
  <Tongyong>sou</Tongyong>
 </item>
 <item>
  <Hanyu>su</Hanyu>
  <Wade>su</Wade>
  <MPSII>su</MPSII>
  <Yale>su</Yale>
  <Tongyong>su</Tongyong>
 </item>
 <item>
  <Hanyu>suan</Hanyu>
  <Wade>suan</Wade>
  <MPSII>suan</MPSII>
  <Yale>swan</Yale>
  <Tongyong>suan</Tongyong>
 </item>
 <item>
  <Hanyu>sui</Hanyu>
  <Wade>sui</Wade>
  <MPSII>suei</MPSII>
  <Yale>swei</Yale>
  <Tongyong>suei</Tongyong>
 </item>
 <item>
  <Hanyu>sun</Hanyu>
  <Wade>sun</Wade>
  <MPSII>suen</MPSII>
  <Yale>swen</Yale>
  <Tongyong>sun</Tongyong>
 </item>
 <item>
  <Hanyu>suo</Hanyu>
  <Wade>so</Wade>
  <MPSII>suo</MPSII>
  <Yale>swo</Yale>
  <Tongyong>suo</Tongyong>
 </item>
 <item>
  <Hanyu>xiong</Hanyu>
  <Wade>hsiung</Wade>
  <MPSII>shiung</MPSII>
  <Yale>syung</Yale>
  <Tongyong>syong</Tongyong>
 </item>
 <item>
  <Hanyu>xu</Hanyu>
  <Wade>hsu:</Wade>
  <MPSII>shiu</MPSII>
  <Yale>syu</Yale>
  <Tongyong>syu</Tongyong>
 </item>
 <item>
  <Hanyu>xuan</Hanyu>
  <Wade>hsu:an</Wade>
  <MPSII>shiuan</MPSII>
  <Yale>sywan</Yale>
  <Tongyong>syuan</Tongyong>
 </item>
 <item>
  <Hanyu>xue</Hanyu>
  <Wade>hsu:eh</Wade>
  <MPSII>shiue</MPSII>
  <Yale>sywe</Yale>
  <Tongyong>syue</Tongyong>
 </item>
 <item>
  <Hanyu>xun</Hanyu>
  <Wade>hsu:n</Wade>
  <MPSII>shiun</MPSII>
  <Yale>syun</Yale>
  <Tongyong>syun</Tongyong>
 </item>
 <item>
  <Hanyu>ta</Hanyu>
  <Wade>t`a</Wade>
  <MPSII>ta</MPSII>
  <Yale>ta</Yale>
  <Tongyong>ta</Tongyong>
 </item>
 <item>
  <Hanyu>tai</Hanyu>
  <Wade>t`ai</Wade>
  <MPSII>tai</MPSII>
  <Yale>tai</Yale>
  <Tongyong>tai</Tongyong>
 </item>
 <item>
  <Hanyu>tan</Hanyu>
  <Wade>t`an</Wade>
  <MPSII>tan</MPSII>
  <Yale>tan</Yale>
  <Tongyong>tan</Tongyong>
 </item>
 <item>
  <Hanyu>tang</Hanyu>
  <Wade>t`ang</Wade>
  <MPSII>tang</MPSII>
  <Yale>tang</Yale>
  <Tongyong>tang</Tongyong>
 </item>
 <item>
  <Hanyu>tao</Hanyu>
  <Wade>t`ao</Wade>
  <MPSII>tau</MPSII>
  <Yale>tau</Yale>
  <Tongyong>tao</Tongyong>
 </item>
 <item>
  <Hanyu>te</Hanyu>
  <Wade>t`e</Wade>
  <MPSII>te</MPSII>
  <Yale>te</Yale>
  <Tongyong>te</Tongyong>
 </item>
 <item>
  <Hanyu>teng</Hanyu>
  <Wade>t`eng</Wade>
  <MPSII>teng</MPSII>
  <Yale>teng</Yale>
  <Tongyong>teng</Tongyong>
 </item>
 <item>
  <Hanyu>ti</Hanyu>
  <Wade>t`i</Wade>
  <MPSII>ti</MPSII>
  <Yale>ti</Yale>
  <Tongyong>ti</Tongyong>
 </item>
 <item>
  <Hanyu>tian</Hanyu>
  <Wade>t`ien</Wade>
  <MPSII>tian</MPSII>
  <Yale>tyan</Yale>
  <Tongyong>tian</Tongyong>
 </item>
 <item>
  <Hanyu>tiao</Hanyu>
  <Wade>t`iao</Wade>
  <MPSII>tiau</MPSII>
  <Yale>tyau</Yale>
  <Tongyong>tiao</Tongyong>
 </item>
 <item>
  <Hanyu>tie</Hanyu>
  <Wade>t`ieh</Wade>
  <MPSII>tie</MPSII>
  <Yale>tye</Yale>
  <Tongyong>tie</Tongyong>
 </item>
 <item>
  <Hanyu>ting</Hanyu>
  <Wade>t`ing</Wade>
  <MPSII>ting</MPSII>
  <Yale>ting</Yale>
  <Tongyong>ting</Tongyong>
 </item>
 <item>
  <Hanyu>tong</Hanyu>
  <Wade>t`ung</Wade>
  <MPSII>tung</MPSII>
  <Yale>tung</Yale>
  <Tongyong>tong</Tongyong>
 </item>
 <item>
  <Hanyu>tou</Hanyu>
  <Wade>t`ou</Wade>
  <MPSII>tou</MPSII>
  <Yale>tou</Yale>
  <Tongyong>tou</Tongyong>
 </item>
 <item>
  <Hanyu>tu</Hanyu>
  <Wade>t`u</Wade>
  <MPSII>tu</MPSII>
  <Yale>tu</Yale>
  <Tongyong>tu</Tongyong>
 </item>
 <item>
  <Hanyu>tuan</Hanyu>
  <Wade>t`uan</Wade>
  <MPSII>tuan</MPSII>
  <Yale>twan</Yale>
  <Tongyong>tuan</Tongyong>
 </item>
 <item>
  <Hanyu>tui</Hanyu>
  <Wade>t`ui</Wade>
  <MPSII>tuei</MPSII>
  <Yale>twei</Yale>
  <Tongyong>tuei</Tongyong>
 </item>
 <item>
  <Hanyu>tun</Hanyu>
  <Wade>t`un</Wade>
  <MPSII>tuen</MPSII>
  <Yale>twen</Yale>
  <Tongyong>tun</Tongyong>
 </item>
 <item>
  <Hanyu>tuo</Hanyu>
  <Wade>t`o</Wade>
  <MPSII>tuo</MPSII>
  <Yale>two</Yale>
  <Tongyong>tuo</Tongyong>
 </item>
 <item>
  <Hanyu>wa</Hanyu>
  <Wade>wa</Wade>
  <MPSII>wa</MPSII>
  <Yale>wa</Yale>
  <Tongyong>wa</Tongyong>
 </item>
 <item>
  <Hanyu>wai</Hanyu>
  <Wade>wai</Wade>
  <MPSII>wai</MPSII>
  <Yale>wai</Yale>
  <Tongyong>wai</Tongyong>
 </item>
 <item>
  <Hanyu>wan</Hanyu>
  <Wade>wan</Wade>
  <MPSII>wan</MPSII>
  <Yale>wan</Yale>
  <Tongyong>wan</Tongyong>
 </item>
 <item>
  <Hanyu>wang</Hanyu>
  <Wade>wang</Wade>
  <MPSII>wang</MPSII>
  <Yale>wang</Yale>
  <Tongyong>wang</Tongyong>
 </item>
 <item>
  <Hanyu>wei</Hanyu>
  <Wade>wei</Wade>
  <MPSII>wei</MPSII>
  <Yale>wei</Yale>
  <Tongyong>wei</Tongyong>
 </item>
 <item>
  <Hanyu>wo</Hanyu>
  <Wade>wo</Wade>
  <MPSII>wo</MPSII>
  <Yale>wo</Yale>
  <Tongyong>wo</Tongyong>
 </item>
 <item>
  <Hanyu>weng</Hanyu>
  <Wade>weng</Wade>
  <MPSII>weng</MPSII>
  <Yale>weng</Yale>
  <Tongyong>wong</Tongyong>
 </item>
 <item>
  <Hanyu>wu</Hanyu>
  <Wade>wu</Wade>
  <MPSII>wu</MPSII>
  <Yale>wu</Yale>
  <Tongyong>wu</Tongyong>
 </item>
 <item>
  <Hanyu>wen</Hanyu>
  <Wade>wen</Wade>
  <MPSII>wen</MPSII>
  <Yale>wen</Yale>
  <Tongyong>wun</Tongyong>
 </item>
 <item>
  <Hanyu>ya</Hanyu>
  <Wade>ya</Wade>
  <MPSII>ya</MPSII>
  <Yale>ya</Yale>
  <Tongyong>ya</Tongyong>
 </item>
 <item>
  <Hanyu>yan</Hanyu>
  <Wade>yan</Wade>
  <MPSII>yan</MPSII>
  <Yale>yan</Yale>
  <Tongyong>yan</Tongyong>
 </item>
 <item>
  <Hanyu>yang</Hanyu>
  <Wade>yang</Wade>
  <MPSII>yang</MPSII>
  <Yale>yang</Yale>
  <Tongyong>yang</Tongyong>
 </item>
 <item>
  <Hanyu>yao</Hanyu>
  <Wade>yao</Wade>
  <MPSII>yau</MPSII>
  <Yale>yau</Yale>
  <Tongyong>yao</Tongyong>
 </item>
 <item>
  <Hanyu>ye</Hanyu>
  <Wade>yeh</Wade>
  <MPSII>ye</MPSII>
  <Yale>ye</Yale>
  <Tongyong>ye</Tongyong>
 </item>
 <item>
  <Hanyu>yi</Hanyu>
  <Wade>i</Wade>
  <MPSII>yi</MPSII>
  <Yale>yi</Yale>
  <Tongyong>yi</Tongyong>
 </item>
 <item>
  <Hanyu>yin</Hanyu>
  <Wade>yin</Wade>
  <MPSII>yin</MPSII>
  <Yale>yin</Yale>
  <Tongyong>yin</Tongyong>
 </item>
 <item>
  <Hanyu>ying</Hanyu>
  <Wade>ying</Wade>
  <MPSII>ying</MPSII>
  <Yale>ying</Yale>
  <Tongyong>ying</Tongyong>
 </item>
 <item>
  <Hanyu>yong</Hanyu>
  <Wade>yung</Wade>
  <MPSII>yung</MPSII>
  <Yale>yung</Yale>
  <Tongyong>yong</Tongyong>
 </item>
 <item>
  <Hanyu>you</Hanyu>
  <Wade>yu</Wade>
  <MPSII>you</MPSII>
  <Yale>you</Yale>
  <Tongyong>you</Tongyong>
 </item>
 <item>
  <Hanyu>yu</Hanyu>
  <Wade>yu:</Wade>
  <MPSII>yu</MPSII>
  <Yale>yu</Yale>
  <Tongyong>yu</Tongyong>
 </item>
 <item>
  <Hanyu>yuan</Hanyu>
  <Wade>yu:an</Wade>
  <MPSII>yuan</MPSII>
  <Yale>ywan</Yale>
  <Tongyong>yuan</Tongyong>
 </item>
 <item>
  <Hanyu>yue</Hanyu>
  <Wade>yu:eh</Wade>
  <MPSII>yue</MPSII>
  <Yale>ywe</Yale>
  <Tongyong>yue</Tongyong>
 </item>
 <item>
  <Hanyu>yun</Hanyu>
  <Wade>yu:n</Wade>
  <MPSII>yun</MPSII>
  <Yale>yun</Yale>
  <Tongyong>yun</Tongyong>
 </item>
 <item>
  <Hanyu>za</Hanyu>
  <Wade>tsa</Wade>
  <MPSII>tza</MPSII>
  <Yale>dza</Yale>
  <Tongyong>za</Tongyong>
 </item>
 <item>
  <Hanyu>zai</Hanyu>
  <Wade>tsai</Wade>
  <MPSII>tzai</MPSII>
  <Yale>dzai</Yale>
  <Tongyong>zai</Tongyong>
 </item>
 <item>
  <Hanyu>zan</Hanyu>
  <Wade>tsan</Wade>
  <MPSII>tzan</MPSII>
  <Yale>dzan</Yale>
  <Tongyong>zan</Tongyong>
 </item>
 <item>
  <Hanyu>zang</Hanyu>
  <Wade>tsang</Wade>
  <MPSII>tzang</MPSII>
  <Yale>dzang</Yale>
  <Tongyong>zang</Tongyong>
 </item>
 <item>
  <Hanyu>zao</Hanyu>
  <Wade>tsao</Wade>
  <MPSII>tzau</MPSII>
  <Yale>dzau</Yale>
  <Tongyong>zao</Tongyong>
 </item>
 <item>
  <Hanyu>ze</Hanyu>
  <Wade>tse</Wade>
  <MPSII>tze</MPSII>
  <Yale>dze</Yale>
  <Tongyong>ze</Tongyong>
 </item>
 <item>
  <Hanyu>zei</Hanyu>
  <Wade>tsei</Wade>
  <MPSII>tzei</MPSII>
  <Yale>dzei</Yale>
  <Tongyong>zei</Tongyong>
 </item>
 <item>
  <Hanyu>zen</Hanyu>
  <Wade>tsen</Wade>
  <MPSII>tzen</MPSII>
  <Yale>dzen</Yale>
  <Tongyong>zen</Tongyong>
 </item>
 <item>
  <Hanyu>zeng</Hanyu>
  <Wade>tseng</Wade>
  <MPSII>tzeng</MPSII>
  <Yale>dzeng</Yale>
  <Tongyong>zeng</Tongyong>
 </item>
 <item>
  <Hanyu>zi</Hanyu>
  <Wade>tzu</Wade>
  <MPSII>tz</MPSII>
  <Yale>dz</Yale>
  <Tongyong>zih</Tongyong>
 </item>
 <item>
  <Hanyu>zong</Hanyu>
  <Wade>tsung</Wade>
  <MPSII>tzung</MPSII>
  <Yale>dzung</Yale>
  <Tongyong>zong</Tongyong>
 </item>
 <item>
  <Hanyu>zou</Hanyu>
  <Wade>tsou</Wade>
  <MPSII>tzou</MPSII>
  <Yale>dzou</Yale>
  <Tongyong>zou</Tongyong>
 </item>
 <item>
  <Hanyu>zu</Hanyu>
  <Wade>tsu</Wade>
  <MPSII>tzu</MPSII>
  <Yale>dzu</Yale>
  <Tongyong>zu</Tongyong>
 </item>
 <item>
  <Hanyu>zuan</Hanyu>
  <Wade>tsuan</Wade>
  <MPSII>tzuan</MPSII>
  <Yale>dzwan</Yale>
  <Tongyong>zuan</Tongyong>
 </item>
 <item>
  <Hanyu>zui</Hanyu>
  <Wade>tsui</Wade>
  <MPSII>tzuei</MPSII>
  <Yale>dzwei</Yale>
  <Tongyong>zuei</Tongyong>
 </item>
 <item>
  <Hanyu>zun</Hanyu>
  <Wade>tsun</Wade>
  <MPSII>tzuen</MPSII>
  <Yale>dzwen</Yale>
  <Tongyong>zun</Tongyong>
 </item>
 <item>
  <Hanyu>zuo</Hanyu>
  <Wade>tso</Wade>
  <MPSII>tzuo</MPSII>
  <Yale>dzwo</Yale>
  <Tongyong>zuo</Tongyong>
 </item>
</pinyin_mapping>
