<?xml version="1.0"?>
<pinyin_gwoyeu_mapping>
 <item>
  <Hanyu>a</Hanyu>
  <Gwoyeu_I>a</Gwoyeu_I>
  <Gwoyeu_II>ar</Gwoyeu_II>
  <Gwoyeu_III>aa</Gwoyeu_III>
  <Gwoyeu_IV>ah</Gwoyeu_IV>
  <Gwoyeu_V>.a</Gwoyeu_V>
 </item>
 <item>
  <Hanyu>ai</Hanyu>
  <Gwoyeu_I>ai</Gwoyeu_I>
  <Gwoyeu_II>air</Gwoyeu_II>
  <Gwoyeu_III>ae</Gwoyeu_III>
  <Gwoyeu_IV>ay</Gwoyeu_IV>
  <Gwoyeu_V>.ai</Gwoyeu_V>
 </item>
 <item>
  <Hanyu>an</Hanyu>
  <Gwoyeu_I>an</Gwoyeu_I>
  <Gwoyeu_II>arn</Gwoyeu_II>
  <Gwoyeu_III>aan</Gwoyeu_III>
  <Gwoyeu_IV>ann</Gwoyeu_IV>
  <Gwoyeu_V>.an</Gwoyeu_V>
 </item>
 <item>
  <Hanyu>ang</Hanyu>
  <Gwoyeu_I>ang</Gwoyeu_I>
  <Gwoyeu_II>arng</Gwoyeu_II>
  <Gwoyeu_III>aang</Gwoyeu_III>
  <Gwoyeu_IV>anq</Gwoyeu_IV>
  <Gwoyeu_V>.ang</Gwoyeu_V>
 </item>
 <item>
  <Hanyu>ao</Hanyu>
  <Gwoyeu_I>au</Gwoyeu_I>
  <Gwoyeu_II>aur</Gwoyeu_II>
  <Gwoyeu_III>ao</Gwoyeu_III>
  <Gwoyeu_IV>aw</Gwoyeu_IV>
  <Gwoyeu_V>.au</Gwoyeu_V>
 </item>
 <item>
  <Hanyu>ba</Hanyu>
  <Gwoyeu_I>ba</Gwoyeu_I>
  <Gwoyeu_II>bar</Gwoyeu_II>
  <Gwoyeu_III>baa</Gwoyeu_III>
  <Gwoyeu_IV>bah</Gwoyeu_IV>
  <Gwoyeu_V>.ba</Gwoyeu_V>
 </item>
 <item>
  <Hanyu>bai</Hanyu>
  <Gwoyeu_I>bai</Gwoyeu_I>
  <Gwoyeu_II>bair</Gwoyeu_II>
  <Gwoyeu_III>bae</Gwoyeu_III>
  <Gwoyeu_IV>bay</Gwoyeu_IV>
  <Gwoyeu_V>.bai</Gwoyeu_V>
 </item>
 <item>
  <Hanyu>ban</Hanyu>
  <Gwoyeu_I>ban</Gwoyeu_I>
  <Gwoyeu_II>barn</Gwoyeu_II>
  <Gwoyeu_III>baan</Gwoyeu_III>
  <Gwoyeu_IV>bann</Gwoyeu_IV>
  <Gwoyeu_V>.ban</Gwoyeu_V>
 </item>
 <item>
  <Hanyu>bang</Hanyu>
  <Gwoyeu_I>bang</Gwoyeu_I>
  <Gwoyeu_II>barng</Gwoyeu_II>
  <Gwoyeu_III>baang</Gwoyeu_III>
  <Gwoyeu_IV>banq</Gwoyeu_IV>
  <Gwoyeu_V>.bang</Gwoyeu_V>
 </item>
 <item>
  <Hanyu>bao</Hanyu>
  <Gwoyeu_I>bau</Gwoyeu_I>
  <Gwoyeu_II>baur</Gwoyeu_II>
  <Gwoyeu_III>bao</Gwoyeu_III>
  <Gwoyeu_IV>baw</Gwoyeu_IV>
  <Gwoyeu_V>.bau</Gwoyeu_V>
 </item>
 <item>
  <Hanyu>bei</Hanyu>
  <Gwoyeu_I>bei</Gwoyeu_I>
  <Gwoyeu_II>beir</Gwoyeu_II>
  <Gwoyeu_III>beei</Gwoyeu_III>
  <Gwoyeu_IV>bey</Gwoyeu_IV>
  <Gwoyeu_V>.bei</Gwoyeu_V>
 </item>
 <item>
  <Hanyu>ben</Hanyu>
  <Gwoyeu_I>ben</Gwoyeu_I>
  <Gwoyeu_II>bern</Gwoyeu_II>
  <Gwoyeu_III>been</Gwoyeu_III>
  <Gwoyeu_IV>benn</Gwoyeu_IV>
  <Gwoyeu_V>.ben</Gwoyeu_V>
 </item>
 <item>
  <Hanyu>beng</Hanyu>
  <Gwoyeu_I>beng</Gwoyeu_I>
  <Gwoyeu_II>berng</Gwoyeu_II>
  <Gwoyeu_III>beeng</Gwoyeu_III>
  <Gwoyeu_IV>benq</Gwoyeu_IV>
  <Gwoyeu_V>.beng</Gwoyeu_V>
 </item>
 <item>
  <Hanyu>bi</Hanyu>
  <Gwoyeu_I>bi</Gwoyeu_I>
  <Gwoyeu_II>byi</Gwoyeu_II>
  <Gwoyeu_III>bii</Gwoyeu_III>
  <Gwoyeu_IV>bih</Gwoyeu_IV>
  <Gwoyeu_V>.bi</Gwoyeu_V>
 </item>
 <item>
  <Hanyu>bian</Hanyu>
  <Gwoyeu_I>bian</Gwoyeu_I>
  <Gwoyeu_II>byan</Gwoyeu_II>
  <Gwoyeu_III>bean</Gwoyeu_III>
  <Gwoyeu_IV>biann</Gwoyeu_IV>
  <Gwoyeu_V>.bian</Gwoyeu_V>
 </item>
 <item>
  <Hanyu>biao</Hanyu>
  <Gwoyeu_I>biau</Gwoyeu_I>
  <Gwoyeu_II>byau</Gwoyeu_II>
  <Gwoyeu_III>beau</Gwoyeu_III>
  <Gwoyeu_IV>biaw</Gwoyeu_IV>
  <Gwoyeu_V>.biau</Gwoyeu_V>
 </item>
 <item>
  <Hanyu>bie</Hanyu>
  <Gwoyeu_I>bie</Gwoyeu_I>
  <Gwoyeu_II>bye</Gwoyeu_II>
  <Gwoyeu_III>biee</Gwoyeu_III>
  <Gwoyeu_IV>bieh</Gwoyeu_IV>
  <Gwoyeu_V>.bie</Gwoyeu_V>
 </item>
 <item>
  <Hanyu>bin</Hanyu>
  <Gwoyeu_I>bin</Gwoyeu_I>
  <Gwoyeu_II>byn</Gwoyeu_II>
  <Gwoyeu_III>biin</Gwoyeu_III>
  <Gwoyeu_IV>binn</Gwoyeu_IV>
  <Gwoyeu_V>.bin</Gwoyeu_V>
 </item>
 <item>
  <Hanyu>bing</Hanyu>
  <Gwoyeu_I>bing</Gwoyeu_I>
  <Gwoyeu_II>byng</Gwoyeu_II>
  <Gwoyeu_III>biing</Gwoyeu_III>
  <Gwoyeu_IV>binq</Gwoyeu_IV>
  <Gwoyeu_V>.bing</Gwoyeu_V>
 </item>
 <item>
  <Hanyu>bo</Hanyu>
  <Gwoyeu_I>bo</Gwoyeu_I>
  <Gwoyeu_II>bor</Gwoyeu_II>
  <Gwoyeu_III>boo</Gwoyeu_III>
  <Gwoyeu_IV>boh</Gwoyeu_IV>
  <Gwoyeu_V>.bo</Gwoyeu_V>
 </item>
 <item>
  <Hanyu>bu</Hanyu>
  <Gwoyeu_I>bu</Gwoyeu_I>
  <Gwoyeu_II>bwu</Gwoyeu_II>
  <Gwoyeu_III>buu</Gwoyeu_III>
  <Gwoyeu_IV>buh</Gwoyeu_IV>
  <Gwoyeu_V>.bu</Gwoyeu_V>
 </item>
 <item>
  <Hanyu>ca</Hanyu>
  <Gwoyeu_I>tsa</Gwoyeu_I>
  <Gwoyeu_II>tsar</Gwoyeu_II>
  <Gwoyeu_III>tsaa</Gwoyeu_III>
  <Gwoyeu_IV>tsah</Gwoyeu_IV>
  <Gwoyeu_V>.tsa</Gwoyeu_V>
 </item>
 <item>
  <Hanyu>cai</Hanyu>
  <Gwoyeu_I>tsai</Gwoyeu_I>
  <Gwoyeu_II>tsair</Gwoyeu_II>
  <Gwoyeu_III>tsae</Gwoyeu_III>
  <Gwoyeu_IV>tsay</Gwoyeu_IV>
  <Gwoyeu_V>.tsai</Gwoyeu_V>
 </item>
 <item>
  <Hanyu>can</Hanyu>
  <Gwoyeu_I>tsan</Gwoyeu_I>
  <Gwoyeu_II>tsarn</Gwoyeu_II>
  <Gwoyeu_III>tsaan</Gwoyeu_III>
  <Gwoyeu_IV>tsann</Gwoyeu_IV>
  <Gwoyeu_V>.tsan</Gwoyeu_V>
 </item>
 <item>
  <Hanyu>cang</Hanyu>
  <Gwoyeu_I>tsang</Gwoyeu_I>
  <Gwoyeu_II>tsarng</Gwoyeu_II>
  <Gwoyeu_III>tsaang</Gwoyeu_III>
  <Gwoyeu_IV>tsanq</Gwoyeu_IV>
  <Gwoyeu_V>.tsang</Gwoyeu_V>
 </item>
 <item>
  <Hanyu>cao</Hanyu>
  <Gwoyeu_I>tsau</Gwoyeu_I>
  <Gwoyeu_II>tsaur</Gwoyeu_II>
  <Gwoyeu_III>tsao</Gwoyeu_III>
  <Gwoyeu_IV>tsaw</Gwoyeu_IV>
  <Gwoyeu_V>.tsau</Gwoyeu_V>
 </item>
 <item>
  <Hanyu>ce</Hanyu>
  <Gwoyeu_I>tse</Gwoyeu_I>
  <Gwoyeu_II>tser</Gwoyeu_II>
  <Gwoyeu_III>tsee</Gwoyeu_III>
  <Gwoyeu_IV>tseh</Gwoyeu_IV>
  <Gwoyeu_V>.tse</Gwoyeu_V>
 </item>
 <item>
  <Hanyu>cen</Hanyu>
  <Gwoyeu_I>tsen</Gwoyeu_I>
  <Gwoyeu_II>tsern</Gwoyeu_II>
  <Gwoyeu_III>tseen</Gwoyeu_III>
  <Gwoyeu_IV>tsenn</Gwoyeu_IV>
  <Gwoyeu_V>.tsen</Gwoyeu_V>
 </item>
 <item>
  <Hanyu>ceng</Hanyu>
  <Gwoyeu_I>tseng</Gwoyeu_I>
  <Gwoyeu_II>tserng</Gwoyeu_II>
  <Gwoyeu_III>tseeng</Gwoyeu_III>
  <Gwoyeu_IV>tsenq</Gwoyeu_IV>
  <Gwoyeu_V>.tseng</Gwoyeu_V>
 </item>
 <item>
  <Hanyu>cha</Hanyu>
  <Gwoyeu_I>cha</Gwoyeu_I>
  <Gwoyeu_II>char</Gwoyeu_II>
  <Gwoyeu_III>chaa</Gwoyeu_III>
  <Gwoyeu_IV>chah</Gwoyeu_IV>
  <Gwoyeu_V>.cha</Gwoyeu_V>
 </item>
 <item>
  <Hanyu>chai</Hanyu>
  <Gwoyeu_I>chai</Gwoyeu_I>
  <Gwoyeu_II>chair</Gwoyeu_II>
  <Gwoyeu_III>chae</Gwoyeu_III>
  <Gwoyeu_IV>chay</Gwoyeu_IV>
  <Gwoyeu_V>.chai</Gwoyeu_V>
 </item>
 <item>
  <Hanyu>chan</Hanyu>
  <Gwoyeu_I>chan</Gwoyeu_I>
  <Gwoyeu_II>charn</Gwoyeu_II>
  <Gwoyeu_III>chaan</Gwoyeu_III>
  <Gwoyeu_IV>chann</Gwoyeu_IV>
  <Gwoyeu_V>.chan</Gwoyeu_V>
 </item>
 <item>
  <Hanyu>chang</Hanyu>
  <Gwoyeu_I>chang</Gwoyeu_I>
  <Gwoyeu_II>charng</Gwoyeu_II>
  <Gwoyeu_III>chaang</Gwoyeu_III>
  <Gwoyeu_IV>chanq</Gwoyeu_IV>
  <Gwoyeu_V>.chang</Gwoyeu_V>
 </item>
 <item>
  <Hanyu>chao</Hanyu>
  <Gwoyeu_I>chau</Gwoyeu_I>
  <Gwoyeu_II>chaur</Gwoyeu_II>
  <Gwoyeu_III>chao</Gwoyeu_III>
  <Gwoyeu_IV>chaw</Gwoyeu_IV>
  <Gwoyeu_V>.chau</Gwoyeu_V>
 </item>
 <item>
  <Hanyu>che</Hanyu>
  <Gwoyeu_I>che</Gwoyeu_I>
  <Gwoyeu_II>cher</Gwoyeu_II>
  <Gwoyeu_III>chee</Gwoyeu_III>
  <Gwoyeu_IV>cheh</Gwoyeu_IV>
  <Gwoyeu_V>.che</Gwoyeu_V>
 </item>
 <item>
  <Hanyu>chen</Hanyu>
  <Gwoyeu_I>chen</Gwoyeu_I>
  <Gwoyeu_II>chern</Gwoyeu_II>
  <Gwoyeu_III>cheen</Gwoyeu_III>
  <Gwoyeu_IV>chenn</Gwoyeu_IV>
  <Gwoyeu_V>.chen</Gwoyeu_V>
 </item>
 <item>
  <Hanyu>cheng</Hanyu>
  <Gwoyeu_I>cheng</Gwoyeu_I>
  <Gwoyeu_II>cherng</Gwoyeu_II>
  <Gwoyeu_III>cheeng</Gwoyeu_III>
  <Gwoyeu_IV>chenq</Gwoyeu_IV>
  <Gwoyeu_V>.cheng</Gwoyeu_V>
 </item>
 <item>
  <Hanyu>chi</Hanyu>
  <Gwoyeu_I>chy</Gwoyeu_I>
  <Gwoyeu_II>chyr</Gwoyeu_II>
  <Gwoyeu_III>chyy</Gwoyeu_III>
  <Gwoyeu_IV>chyh</Gwoyeu_IV>
  <Gwoyeu_V>.chy</Gwoyeu_V>
 </item>
 <item>
  <Hanyu>chong</Hanyu>
  <Gwoyeu_I>chong</Gwoyeu_I>
  <Gwoyeu_II>chorng</Gwoyeu_II>
  <Gwoyeu_III>choong</Gwoyeu_III>
  <Gwoyeu_IV>chonq</Gwoyeu_IV>
  <Gwoyeu_V>.chong</Gwoyeu_V>
 </item>
 <item>
  <Hanyu>chou</Hanyu>
  <Gwoyeu_I>chou</Gwoyeu_I>
  <Gwoyeu_II>chour</Gwoyeu_II>
  <Gwoyeu_III>choou</Gwoyeu_III>
  <Gwoyeu_IV>chow</Gwoyeu_IV>
  <Gwoyeu_V>.chou</Gwoyeu_V>
 </item>
 <item>
  <Hanyu>chu</Hanyu>
  <Gwoyeu_I>chu</Gwoyeu_I>
  <Gwoyeu_II>chwu</Gwoyeu_II>
  <Gwoyeu_III>chuu</Gwoyeu_III>
  <Gwoyeu_IV>chuh</Gwoyeu_IV>
  <Gwoyeu_V>.chu</Gwoyeu_V>
 </item>
 <item>
  <Hanyu>chua</Hanyu>
  <Gwoyeu_I>chua</Gwoyeu_I>
  <Gwoyeu_II>chuar</Gwoyeu_II>
  <Gwoyeu_III>chuaa</Gwoyeu_III>
  <Gwoyeu_IV>chuah</Gwoyeu_IV>
  <Gwoyeu_V>.chua</Gwoyeu_V>
 </item>
 <item>
  <Hanyu>chuai</Hanyu>
  <Gwoyeu_I>chuai</Gwoyeu_I>
  <Gwoyeu_II>chwai</Gwoyeu_II>
  <Gwoyeu_III>choai</Gwoyeu_III>
  <Gwoyeu_IV>chuay</Gwoyeu_IV>
  <Gwoyeu_V>.chuai</Gwoyeu_V>
 </item>
 <item>
  <Hanyu>chuan</Hanyu>
  <Gwoyeu_I>chuan</Gwoyeu_I>
  <Gwoyeu_II>chwan</Gwoyeu_II>
  <Gwoyeu_III>choan</Gwoyeu_III>
  <Gwoyeu_IV>chuann</Gwoyeu_IV>
  <Gwoyeu_V>.chuan</Gwoyeu_V>
 </item>
 <item>
  <Hanyu>chuang</Hanyu>
  <Gwoyeu_I>chuang</Gwoyeu_I>
  <Gwoyeu_II>chwang</Gwoyeu_II>
  <Gwoyeu_III>choang</Gwoyeu_III>
  <Gwoyeu_IV>chuanq</Gwoyeu_IV>
  <Gwoyeu_V>.chuang</Gwoyeu_V>
 </item>
 <item>
  <Hanyu>chui</Hanyu>
  <Gwoyeu_I>chuei</Gwoyeu_I>
  <Gwoyeu_II>chwei</Gwoyeu_II>
  <Gwoyeu_III>choei</Gwoyeu_III>
  <Gwoyeu_IV>chuey</Gwoyeu_IV>
  <Gwoyeu_V>.chuei</Gwoyeu_V>
 </item>
 <item>
  <Hanyu>chun</Hanyu>
  <Gwoyeu_I>chuen</Gwoyeu_I>
  <Gwoyeu_II>chwen</Gwoyeu_II>
  <Gwoyeu_III>choen</Gwoyeu_III>
  <Gwoyeu_IV>chuenn</Gwoyeu_IV>
  <Gwoyeu_V>.chuen</Gwoyeu_V>
 </item>
 <item>
  <Hanyu>chuo</Hanyu>
  <Gwoyeu_I>chuo</Gwoyeu_I>
  <Gwoyeu_II>chwo</Gwoyeu_II>
  <Gwoyeu_III>chuoo</Gwoyeu_III>
  <Gwoyeu_IV>chuoh</Gwoyeu_IV>
  <Gwoyeu_V>.chuo</Gwoyeu_V>
 </item>
 <item>
  <Hanyu>qi</Hanyu>
  <Gwoyeu_I>chi</Gwoyeu_I>
  <Gwoyeu_II>chyi</Gwoyeu_II>
  <Gwoyeu_III>chii</Gwoyeu_III>
  <Gwoyeu_IV>chih</Gwoyeu_IV>
  <Gwoyeu_V>.chi</Gwoyeu_V>
 </item>
 <item>
  <Hanyu>qia</Hanyu>
  <Gwoyeu_I>chia</Gwoyeu_I>
  <Gwoyeu_II>chya</Gwoyeu_II>
  <Gwoyeu_III>chea</Gwoyeu_III>
  <Gwoyeu_IV>chiah</Gwoyeu_IV>
  <Gwoyeu_V>.chia</Gwoyeu_V>
 </item>
 <item>
  <Hanyu>qian</Hanyu>
  <Gwoyeu_I>chian</Gwoyeu_I>
  <Gwoyeu_II>chyan</Gwoyeu_II>
  <Gwoyeu_III>chean</Gwoyeu_III>
  <Gwoyeu_IV>chiann</Gwoyeu_IV>
  <Gwoyeu_V>.chian</Gwoyeu_V>
 </item>
 <item>
  <Hanyu>qiang</Hanyu>
  <Gwoyeu_I>chiang</Gwoyeu_I>
  <Gwoyeu_II>chyang</Gwoyeu_II>
  <Gwoyeu_III>cheang</Gwoyeu_III>
  <Gwoyeu_IV>chianq</Gwoyeu_IV>
  <Gwoyeu_V>.chiang</Gwoyeu_V>
 </item>
 <item>
  <Hanyu>qiao</Hanyu>
  <Gwoyeu_I>chiau</Gwoyeu_I>
  <Gwoyeu_II>chyau</Gwoyeu_II>
  <Gwoyeu_III>cheau</Gwoyeu_III>
  <Gwoyeu_IV>chiaw</Gwoyeu_IV>
  <Gwoyeu_V>.chiau</Gwoyeu_V>
 </item>
 <item>
  <Hanyu>qie</Hanyu>
  <Gwoyeu_I>chie</Gwoyeu_I>
  <Gwoyeu_II>chye</Gwoyeu_II>
  <Gwoyeu_III>chiee</Gwoyeu_III>
  <Gwoyeu_IV>chieh</Gwoyeu_IV>
  <Gwoyeu_V>.chie</Gwoyeu_V>
 </item>
 <item>
  <Hanyu>ci</Hanyu>
  <Gwoyeu_I>tsy</Gwoyeu_I>
  <Gwoyeu_II>tsyr</Gwoyeu_II>
  <Gwoyeu_III>tsyy</Gwoyeu_III>
  <Gwoyeu_IV>tsyh</Gwoyeu_IV>
  <Gwoyeu_V>.tsy</Gwoyeu_V>
 </item>
 <item>
  <Hanyu>qin</Hanyu>
  <Gwoyeu_I>chin</Gwoyeu_I>
  <Gwoyeu_II>chyn</Gwoyeu_II>
  <Gwoyeu_III>chiin</Gwoyeu_III>
  <Gwoyeu_IV>chinn</Gwoyeu_IV>
  <Gwoyeu_V>.chin</Gwoyeu_V>
 </item>
 <item>
  <Hanyu>qing</Hanyu>
  <Gwoyeu_I>ching</Gwoyeu_I>
  <Gwoyeu_II>chyng</Gwoyeu_II>
  <Gwoyeu_III>chiing</Gwoyeu_III>
  <Gwoyeu_IV>chinq</Gwoyeu_IV>
  <Gwoyeu_V>.ching</Gwoyeu_V>
 </item>
 <item>
  <Hanyu>qiu</Hanyu>
  <Gwoyeu_I>chiou</Gwoyeu_I>
  <Gwoyeu_II>chyou</Gwoyeu_II>
  <Gwoyeu_III>cheou</Gwoyeu_III>
  <Gwoyeu_IV>chiow</Gwoyeu_IV>
  <Gwoyeu_V>.chiou</Gwoyeu_V>
 </item>
 <item>
  <Hanyu>cong</Hanyu>
  <Gwoyeu_I>tsong</Gwoyeu_I>
  <Gwoyeu_II>tsorng</Gwoyeu_II>
  <Gwoyeu_III>tsoong</Gwoyeu_III>
  <Gwoyeu_IV>tsonq</Gwoyeu_IV>
  <Gwoyeu_V>.tsong</Gwoyeu_V>
 </item>
 <item>
  <Hanyu>cou</Hanyu>
  <Gwoyeu_I>tsou</Gwoyeu_I>
  <Gwoyeu_II>tsour</Gwoyeu_II>
  <Gwoyeu_III>tsoou</Gwoyeu_III>
  <Gwoyeu_IV>tsow</Gwoyeu_IV>
  <Gwoyeu_V>.tsou</Gwoyeu_V>
 </item>
 <item>
  <Hanyu>cu</Hanyu>
  <Gwoyeu_I>tsu</Gwoyeu_I>
  <Gwoyeu_II>tswu</Gwoyeu_II>
  <Gwoyeu_III>tsuu</Gwoyeu_III>
  <Gwoyeu_IV>tsuh</Gwoyeu_IV>
  <Gwoyeu_V>.tsu</Gwoyeu_V>
 </item>
 <item>
  <Hanyu>cuan</Hanyu>
  <Gwoyeu_I>tsuan</Gwoyeu_I>
  <Gwoyeu_II>tswan</Gwoyeu_II>
  <Gwoyeu_III>tsoan</Gwoyeu_III>
  <Gwoyeu_IV>tsuann</Gwoyeu_IV>
  <Gwoyeu_V>.tsuan</Gwoyeu_V>
 </item>
 <item>
  <Hanyu>cui</Hanyu>
  <Gwoyeu_I>tsuei</Gwoyeu_I>
  <Gwoyeu_II>tswei</Gwoyeu_II>
  <Gwoyeu_III>tsoei</Gwoyeu_III>
  <Gwoyeu_IV>tsuey</Gwoyeu_IV>
  <Gwoyeu_V>.tsuei</Gwoyeu_V>
 </item>
 <item>
  <Hanyu>cun</Hanyu>
  <Gwoyeu_I>tsuen</Gwoyeu_I>
  <Gwoyeu_II>tswen</Gwoyeu_II>
  <Gwoyeu_III>tsoen</Gwoyeu_III>
  <Gwoyeu_IV>tsuenn</Gwoyeu_IV>
  <Gwoyeu_V>.tsuen</Gwoyeu_V>
 </item>
 <item>
  <Hanyu>cuo</Hanyu>
  <Gwoyeu_I>tsuo</Gwoyeu_I>
  <Gwoyeu_II>tswo</Gwoyeu_II>
  <Gwoyeu_III>tsuoo</Gwoyeu_III>
  <Gwoyeu_IV>tsuoh</Gwoyeu_IV>
  <Gwoyeu_V>.tsuo</Gwoyeu_V>
 </item>
 <item>
  <Hanyu>qiong</Hanyu>
  <Gwoyeu_I>chiong</Gwoyeu_I>
  <Gwoyeu_II>chyong</Gwoyeu_II>
  <Gwoyeu_III>cheong</Gwoyeu_III>
  <Gwoyeu_IV>chionq</Gwoyeu_IV>
  <Gwoyeu_V>.chiong</Gwoyeu_V>
 </item>
 <item>
  <Hanyu>qu</Hanyu>
  <Gwoyeu_I>chiu</Gwoyeu_I>
  <Gwoyeu_II>chyu</Gwoyeu_II>
  <Gwoyeu_III>cheu</Gwoyeu_III>
  <Gwoyeu_IV>chiuh</Gwoyeu_IV>
  <Gwoyeu_V>.chiu</Gwoyeu_V>
 </item>
 <item>
  <Hanyu>quan</Hanyu>
  <Gwoyeu_I>chiuan</Gwoyeu_I>
  <Gwoyeu_II>chyuan</Gwoyeu_II>
  <Gwoyeu_III>cheuan</Gwoyeu_III>
  <Gwoyeu_IV>chiuann</Gwoyeu_IV>
  <Gwoyeu_V>.chiuan</Gwoyeu_V>
 </item>
 <item>
  <Hanyu>que</Hanyu>
  <Gwoyeu_I>chiue</Gwoyeu_I>
  <Gwoyeu_II>chyue</Gwoyeu_II>
  <Gwoyeu_III>cheue</Gwoyeu_III>
  <Gwoyeu_IV>chiueh</Gwoyeu_IV>
  <Gwoyeu_V>.chiue</Gwoyeu_V>
 </item>
 <item>
  <Hanyu>qun</Hanyu>
  <Gwoyeu_I>chiun</Gwoyeu_I>
  <Gwoyeu_II>chyun</Gwoyeu_II>
  <Gwoyeu_III>cheun</Gwoyeu_III>
  <Gwoyeu_IV>chiunn</Gwoyeu_IV>
  <Gwoyeu_V>.chiun</Gwoyeu_V>
 </item>
 <item>
  <Hanyu>da</Hanyu>
  <Gwoyeu_I>da</Gwoyeu_I>
  <Gwoyeu_II>dar</Gwoyeu_II>
  <Gwoyeu_III>daa</Gwoyeu_III>
  <Gwoyeu_IV>dah</Gwoyeu_IV>
  <Gwoyeu_V>.da</Gwoyeu_V>
 </item>
 <item>
  <Hanyu>dai</Hanyu>
  <Gwoyeu_I>dai</Gwoyeu_I>
  <Gwoyeu_II>dair</Gwoyeu_II>
  <Gwoyeu_III>dae</Gwoyeu_III>
  <Gwoyeu_IV>day</Gwoyeu_IV>
  <Gwoyeu_V>.dai</Gwoyeu_V>
 </item>
 <item>
  <Hanyu>dan</Hanyu>
  <Gwoyeu_I>dan</Gwoyeu_I>
  <Gwoyeu_II>darn</Gwoyeu_II>
  <Gwoyeu_III>daan</Gwoyeu_III>
  <Gwoyeu_IV>dann</Gwoyeu_IV>
  <Gwoyeu_V>.dan</Gwoyeu_V>
 </item>
 <item>
  <Hanyu>dang</Hanyu>
  <Gwoyeu_I>dang</Gwoyeu_I>
  <Gwoyeu_II>darng</Gwoyeu_II>
  <Gwoyeu_III>daang</Gwoyeu_III>
  <Gwoyeu_IV>danq</Gwoyeu_IV>
  <Gwoyeu_V>.dang</Gwoyeu_V>
 </item>
 <item>
  <Hanyu>dao</Hanyu>
  <Gwoyeu_I>dau</Gwoyeu_I>
  <Gwoyeu_II>daur</Gwoyeu_II>
  <Gwoyeu_III>dao</Gwoyeu_III>
  <Gwoyeu_IV>daw</Gwoyeu_IV>
  <Gwoyeu_V>.dau</Gwoyeu_V>
 </item>
 <item>
  <Hanyu>de</Hanyu>
  <Gwoyeu_I>de</Gwoyeu_I>
  <Gwoyeu_II>der</Gwoyeu_II>
  <Gwoyeu_III>dee</Gwoyeu_III>
  <Gwoyeu_IV>deh</Gwoyeu_IV>
  <Gwoyeu_V>.de</Gwoyeu_V>
 </item>
 <item>
  <Hanyu>dei</Hanyu>
  <Gwoyeu_I>dei</Gwoyeu_I>
  <Gwoyeu_II>deir</Gwoyeu_II>
  <Gwoyeu_III>deei</Gwoyeu_III>
  <Gwoyeu_IV>dey</Gwoyeu_IV>
  <Gwoyeu_V>.dei</Gwoyeu_V>
 </item>
 <item>
  <Hanyu>den</Hanyu>
  <Gwoyeu_I>den</Gwoyeu_I>
  <Gwoyeu_II>dern</Gwoyeu_II>
  <Gwoyeu_III>deen</Gwoyeu_III>
  <Gwoyeu_IV>denn</Gwoyeu_IV>
  <Gwoyeu_V>.den</Gwoyeu_V>
 </item>
 <item>
  <Hanyu>deng</Hanyu>
  <Gwoyeu_I>deng</Gwoyeu_I>
  <Gwoyeu_II>derng</Gwoyeu_II>
  <Gwoyeu_III>deeng</Gwoyeu_III>
  <Gwoyeu_IV>denq</Gwoyeu_IV>
  <Gwoyeu_V>.deng</Gwoyeu_V>
 </item>
 <item>
  <Hanyu>di</Hanyu>
  <Gwoyeu_I>di</Gwoyeu_I>
  <Gwoyeu_II>dyi</Gwoyeu_II>
  <Gwoyeu_III>dii</Gwoyeu_III>
  <Gwoyeu_IV>dih</Gwoyeu_IV>
  <Gwoyeu_V>.di</Gwoyeu_V>
 </item>
 <item>
  <Hanyu>dian</Hanyu>
  <Gwoyeu_I>dian</Gwoyeu_I>
  <Gwoyeu_II>dyan</Gwoyeu_II>
  <Gwoyeu_III>dean</Gwoyeu_III>
  <Gwoyeu_IV>diann</Gwoyeu_IV>
  <Gwoyeu_V>.dian</Gwoyeu_V>
 </item>
 <item>
  <Hanyu>diang</Hanyu>
  <Gwoyeu_I>diang</Gwoyeu_I>
  <Gwoyeu_II>dyang</Gwoyeu_II>
  <Gwoyeu_III>deang</Gwoyeu_III>
  <Gwoyeu_IV>dianq</Gwoyeu_IV>
  <Gwoyeu_V>.diang</Gwoyeu_V>
 </item>
 <item>
  <Hanyu>diao</Hanyu>
  <Gwoyeu_I>diau</Gwoyeu_I>
  <Gwoyeu_II>dyau</Gwoyeu_II>
  <Gwoyeu_III>deau</Gwoyeu_III>
  <Gwoyeu_IV>diaw</Gwoyeu_IV>
  <Gwoyeu_V>.diau</Gwoyeu_V>
 </item>
 <item>
  <Hanyu>die</Hanyu>
  <Gwoyeu_I>die</Gwoyeu_I>
  <Gwoyeu_II>dye</Gwoyeu_II>
  <Gwoyeu_III>diee</Gwoyeu_III>
  <Gwoyeu_IV>dieh</Gwoyeu_IV>
  <Gwoyeu_V>.die</Gwoyeu_V>
 </item>
 <item>
  <Hanyu>ding</Hanyu>
  <Gwoyeu_I>ding</Gwoyeu_I>
  <Gwoyeu_II>dyng</Gwoyeu_II>
  <Gwoyeu_III>diing</Gwoyeu_III>
  <Gwoyeu_IV>dinq</Gwoyeu_IV>
  <Gwoyeu_V>.ding</Gwoyeu_V>
 </item>
 <item>
  <Hanyu>diu</Hanyu>
  <Gwoyeu_I>diou</Gwoyeu_I>
  <Gwoyeu_II>dyou</Gwoyeu_II>
  <Gwoyeu_III>deou</Gwoyeu_III>
  <Gwoyeu_IV>diow</Gwoyeu_IV>
  <Gwoyeu_V>.diou</Gwoyeu_V>
 </item>
 <item>
  <Hanyu>dong</Hanyu>
  <Gwoyeu_I>dong</Gwoyeu_I>
  <Gwoyeu_II>dorng</Gwoyeu_II>
  <Gwoyeu_III>doong</Gwoyeu_III>
  <Gwoyeu_IV>donq</Gwoyeu_IV>
  <Gwoyeu_V>.dong</Gwoyeu_V>
 </item>
 <item>
  <Hanyu>dou</Hanyu>
  <Gwoyeu_I>dou</Gwoyeu_I>
  <Gwoyeu_II>dour</Gwoyeu_II>
  <Gwoyeu_III>doou</Gwoyeu_III>
  <Gwoyeu_IV>dow</Gwoyeu_IV>
  <Gwoyeu_V>.dou</Gwoyeu_V>
 </item>
 <item>
  <Hanyu>du</Hanyu>
  <Gwoyeu_I>du</Gwoyeu_I>
  <Gwoyeu_II>dwu</Gwoyeu_II>
  <Gwoyeu_III>duu</Gwoyeu_III>
  <Gwoyeu_IV>duh</Gwoyeu_IV>
  <Gwoyeu_V>.du</Gwoyeu_V>
 </item>
 <item>
  <Hanyu>duan</Hanyu>
  <Gwoyeu_I>duan</Gwoyeu_I>
  <Gwoyeu_II>dwan</Gwoyeu_II>
  <Gwoyeu_III>doan</Gwoyeu_III>
  <Gwoyeu_IV>duann</Gwoyeu_IV>
  <Gwoyeu_V>.duan</Gwoyeu_V>
 </item>
 <item>
  <Hanyu>dui</Hanyu>
  <Gwoyeu_I>duei</Gwoyeu_I>
  <Gwoyeu_II>dwei</Gwoyeu_II>
  <Gwoyeu_III>doei</Gwoyeu_III>
  <Gwoyeu_IV>duey</Gwoyeu_IV>
  <Gwoyeu_V>.duei</Gwoyeu_V>
 </item>
 <item>
  <Hanyu>dun</Hanyu>
  <Gwoyeu_I>duen</Gwoyeu_I>
  <Gwoyeu_II>dwen</Gwoyeu_II>
  <Gwoyeu_III>doen</Gwoyeu_III>
  <Gwoyeu_IV>duenn</Gwoyeu_IV>
  <Gwoyeu_V>.duen</Gwoyeu_V>
 </item>
 <item>
  <Hanyu>duo</Hanyu>
  <Gwoyeu_I>duo</Gwoyeu_I>
  <Gwoyeu_II>dwo</Gwoyeu_II>
  <Gwoyeu_III>duoo</Gwoyeu_III>
  <Gwoyeu_IV>duoh</Gwoyeu_IV>
  <Gwoyeu_V>.duo</Gwoyeu_V>
 </item>
 <item>
  <Hanyu>e</Hanyu>
  <Gwoyeu_I>e</Gwoyeu_I>
  <Gwoyeu_II>er</Gwoyeu_II>
  <Gwoyeu_III>ee</Gwoyeu_III>
  <Gwoyeu_IV>eh</Gwoyeu_IV>
  <Gwoyeu_V>.e</Gwoyeu_V>
 </item>
 <item>
  <Hanyu>ei</Hanyu>
  <Gwoyeu_I>ei</Gwoyeu_I>
  <Gwoyeu_II>eir</Gwoyeu_II>
  <Gwoyeu_III>eei</Gwoyeu_III>
  <Gwoyeu_IV>ey</Gwoyeu_IV>
  <Gwoyeu_V>.ei</Gwoyeu_V>
 </item>
 <item>
  <Hanyu>en</Hanyu>
  <Gwoyeu_I>en</Gwoyeu_I>
  <Gwoyeu_II>ern</Gwoyeu_II>
  <Gwoyeu_III>een</Gwoyeu_III>
  <Gwoyeu_IV>enn</Gwoyeu_IV>
  <Gwoyeu_V>.en</Gwoyeu_V>
 </item>
 <item>
  <Hanyu>er</Hanyu>
  <Gwoyeu_I>el</Gwoyeu_I>
  <Gwoyeu_II>erl</Gwoyeu_II>
  <Gwoyeu_III>eel</Gwoyeu_III>
  <Gwoyeu_IV>ell</Gwoyeu_IV>
  <Gwoyeu_V>.el</Gwoyeu_V>
 </item>
 <item>
  <Hanyu>fa</Hanyu>
  <Gwoyeu_I>fa</Gwoyeu_I>
  <Gwoyeu_II>far</Gwoyeu_II>
  <Gwoyeu_III>faa</Gwoyeu_III>
  <Gwoyeu_IV>fah</Gwoyeu_IV>
  <Gwoyeu_V>.fa</Gwoyeu_V>
 </item>
 <item>
  <Hanyu>fan</Hanyu>
  <Gwoyeu_I>fan</Gwoyeu_I>
  <Gwoyeu_II>farn</Gwoyeu_II>
  <Gwoyeu_III>faan</Gwoyeu_III>
  <Gwoyeu_IV>fann</Gwoyeu_IV>
  <Gwoyeu_V>.fan</Gwoyeu_V>
 </item>
 <item>
  <Hanyu>fang</Hanyu>
  <Gwoyeu_I>fang</Gwoyeu_I>
  <Gwoyeu_II>farng</Gwoyeu_II>
  <Gwoyeu_III>faang</Gwoyeu_III>
  <Gwoyeu_IV>fanq</Gwoyeu_IV>
  <Gwoyeu_V>.fang</Gwoyeu_V>
 </item>
 <item>
  <Hanyu>fei</Hanyu>
  <Gwoyeu_I>fei</Gwoyeu_I>
  <Gwoyeu_II>feir</Gwoyeu_II>
  <Gwoyeu_III>feei</Gwoyeu_III>
  <Gwoyeu_IV>fey</Gwoyeu_IV>
  <Gwoyeu_V>.fei</Gwoyeu_V>
 </item>
 <item>
  <Hanyu>fen</Hanyu>
  <Gwoyeu_I>fen</Gwoyeu_I>
  <Gwoyeu_II>fern</Gwoyeu_II>
  <Gwoyeu_III>feen</Gwoyeu_III>
  <Gwoyeu_IV>fenn</Gwoyeu_IV>
  <Gwoyeu_V>.fen</Gwoyeu_V>
 </item>
 <item>
  <Hanyu>fo</Hanyu>
  <Gwoyeu_I>fo</Gwoyeu_I>
  <Gwoyeu_II>for</Gwoyeu_II>
  <Gwoyeu_III>foo</Gwoyeu_III>
  <Gwoyeu_IV>foh</Gwoyeu_IV>
  <Gwoyeu_V>.fo</Gwoyeu_V>
 </item>
 <item>
  <Hanyu>feng</Hanyu>
  <Gwoyeu_I>feng</Gwoyeu_I>
  <Gwoyeu_II>ferng</Gwoyeu_II>
  <Gwoyeu_III>feeng</Gwoyeu_III>
  <Gwoyeu_IV>fenq</Gwoyeu_IV>
  <Gwoyeu_V>.feng</Gwoyeu_V>
 </item>
 <item>
  <Hanyu>fou</Hanyu>
  <Gwoyeu_I>fou</Gwoyeu_I>
  <Gwoyeu_II>four</Gwoyeu_II>
  <Gwoyeu_III>foou</Gwoyeu_III>
  <Gwoyeu_IV>fow</Gwoyeu_IV>
  <Gwoyeu_V>.fou</Gwoyeu_V>
 </item>
 <item>
  <Hanyu>fu</Hanyu>
  <Gwoyeu_I>fu</Gwoyeu_I>
  <Gwoyeu_II>fwu</Gwoyeu_II>
  <Gwoyeu_III>fuu</Gwoyeu_III>
  <Gwoyeu_IV>fuh</Gwoyeu_IV>
  <Gwoyeu_V>.fu</Gwoyeu_V>
 </item>
 <item>
  <Hanyu>ga</Hanyu>
  <Gwoyeu_I>ga</Gwoyeu_I>
  <Gwoyeu_II>gar</Gwoyeu_II>
  <Gwoyeu_III>gaa</Gwoyeu_III>
  <Gwoyeu_IV>gah</Gwoyeu_IV>
  <Gwoyeu_V>.ga</Gwoyeu_V>
 </item>
 <item>
  <Hanyu>gai</Hanyu>
  <Gwoyeu_I>gai</Gwoyeu_I>
  <Gwoyeu_II>gair</Gwoyeu_II>
  <Gwoyeu_III>gae</Gwoyeu_III>
  <Gwoyeu_IV>gay</Gwoyeu_IV>
  <Gwoyeu_V>.gai</Gwoyeu_V>
 </item>
 <item>
  <Hanyu>gan</Hanyu>
  <Gwoyeu_I>gan</Gwoyeu_I>
  <Gwoyeu_II>garn</Gwoyeu_II>
  <Gwoyeu_III>gaan</Gwoyeu_III>
  <Gwoyeu_IV>gann</Gwoyeu_IV>
  <Gwoyeu_V>.gan</Gwoyeu_V>
 </item>
 <item>
  <Hanyu>gang</Hanyu>
  <Gwoyeu_I>gang</Gwoyeu_I>
  <Gwoyeu_II>garng</Gwoyeu_II>
  <Gwoyeu_III>gaang</Gwoyeu_III>
  <Gwoyeu_IV>ganq</Gwoyeu_IV>
  <Gwoyeu_V>.gang</Gwoyeu_V>
 </item>
 <item>
  <Hanyu>gao</Hanyu>
  <Gwoyeu_I>gau</Gwoyeu_I>
  <Gwoyeu_II>gaur</Gwoyeu_II>
  <Gwoyeu_III>gao</Gwoyeu_III>
  <Gwoyeu_IV>gaw</Gwoyeu_IV>
  <Gwoyeu_V>.gau</Gwoyeu_V>
 </item>
 <item>
  <Hanyu>ge</Hanyu>
  <Gwoyeu_I>ge</Gwoyeu_I>
  <Gwoyeu_II>ger</Gwoyeu_II>
  <Gwoyeu_III>gee</Gwoyeu_III>
  <Gwoyeu_IV>geh</Gwoyeu_IV>
  <Gwoyeu_V>.ge</Gwoyeu_V>
 </item>
 <item>
  <Hanyu>gei</Hanyu>
  <Gwoyeu_I>gei</Gwoyeu_I>
  <Gwoyeu_II>geir</Gwoyeu_II>
  <Gwoyeu_III>geei</Gwoyeu_III>
  <Gwoyeu_IV>gey</Gwoyeu_IV>
  <Gwoyeu_V>.gei</Gwoyeu_V>
 </item>
 <item>
  <Hanyu>gen</Hanyu>
  <Gwoyeu_I>gen</Gwoyeu_I>
  <Gwoyeu_II>gern</Gwoyeu_II>
  <Gwoyeu_III>geen</Gwoyeu_III>
  <Gwoyeu_IV>genn</Gwoyeu_IV>
  <Gwoyeu_V>.gen</Gwoyeu_V>
 </item>
 <item>
  <Hanyu>geng</Hanyu>
  <Gwoyeu_I>geng</Gwoyeu_I>
  <Gwoyeu_II>gerng</Gwoyeu_II>
  <Gwoyeu_III>geeng</Gwoyeu_III>
  <Gwoyeu_IV>genq</Gwoyeu_IV>
  <Gwoyeu_V>.geng</Gwoyeu_V>
 </item>
 <item>
  <Hanyu>gong</Hanyu>
  <Gwoyeu_I>gong</Gwoyeu_I>
  <Gwoyeu_II>gorng</Gwoyeu_II>
  <Gwoyeu_III>goong</Gwoyeu_III>
  <Gwoyeu_IV>gonq</Gwoyeu_IV>
  <Gwoyeu_V>.gong</Gwoyeu_V>
 </item>
 <item>
  <Hanyu>gou</Hanyu>
  <Gwoyeu_I>gou</Gwoyeu_I>
  <Gwoyeu_II>gour</Gwoyeu_II>
  <Gwoyeu_III>goou</Gwoyeu_III>
  <Gwoyeu_IV>gow</Gwoyeu_IV>
  <Gwoyeu_V>.gou</Gwoyeu_V>
 </item>
 <item>
  <Hanyu>gu</Hanyu>
  <Gwoyeu_I>gu</Gwoyeu_I>
  <Gwoyeu_II>gwu</Gwoyeu_II>
  <Gwoyeu_III>guu</Gwoyeu_III>
  <Gwoyeu_IV>guh</Gwoyeu_IV>
  <Gwoyeu_V>.gu</Gwoyeu_V>
 </item>
 <item>
  <Hanyu>gua</Hanyu>
  <Gwoyeu_I>gua</Gwoyeu_I>
  <Gwoyeu_II>gwa</Gwoyeu_II>
  <Gwoyeu_III>goa</Gwoyeu_III>
  <Gwoyeu_IV>guah</Gwoyeu_IV>
  <Gwoyeu_V>.gua</Gwoyeu_V>
 </item>
 <item>
  <Hanyu>guai</Hanyu>
  <Gwoyeu_I>guai</Gwoyeu_I>
  <Gwoyeu_II>gwai</Gwoyeu_II>
  <Gwoyeu_III>goai</Gwoyeu_III>
  <Gwoyeu_IV>guay</Gwoyeu_IV>
  <Gwoyeu_V>.guai</Gwoyeu_V>
 </item>
 <item>
  <Hanyu>guan</Hanyu>
  <Gwoyeu_I>guan</Gwoyeu_I>
  <Gwoyeu_II>gwan</Gwoyeu_II>
  <Gwoyeu_III>goan</Gwoyeu_III>
  <Gwoyeu_IV>guann</Gwoyeu_IV>
  <Gwoyeu_V>.guan</Gwoyeu_V>
 </item>
 <item>
  <Hanyu>guang</Hanyu>
  <Gwoyeu_I>guang</Gwoyeu_I>
  <Gwoyeu_II>gwang</Gwoyeu_II>
  <Gwoyeu_III>goang</Gwoyeu_III>
  <Gwoyeu_IV>guanq</Gwoyeu_IV>
  <Gwoyeu_V>.guang</Gwoyeu_V>
 </item>
 <item>
  <Hanyu>gui</Hanyu>
  <Gwoyeu_I>guei</Gwoyeu_I>
  <Gwoyeu_II>gwei</Gwoyeu_II>
  <Gwoyeu_III>goei</Gwoyeu_III>
  <Gwoyeu_IV>guey</Gwoyeu_IV>
  <Gwoyeu_V>.guei</Gwoyeu_V>
 </item>
 <item>
  <Hanyu>gun</Hanyu>
  <Gwoyeu_I>guen</Gwoyeu_I>
  <Gwoyeu_II>gwen</Gwoyeu_II>
  <Gwoyeu_III>goen</Gwoyeu_III>
  <Gwoyeu_IV>guenn</Gwoyeu_IV>
  <Gwoyeu_V>.guen</Gwoyeu_V>
 </item>
 <item>
  <Hanyu>guo</Hanyu>
  <Gwoyeu_I>guo</Gwoyeu_I>
  <Gwoyeu_II>gwo</Gwoyeu_II>
  <Gwoyeu_III>guoo</Gwoyeu_III>
  <Gwoyeu_IV>guoh</Gwoyeu_IV>
  <Gwoyeu_V>.guo</Gwoyeu_V>
 </item>
 <item>
  <Hanyu>ha</Hanyu>
  <Gwoyeu_I>ha</Gwoyeu_I>
  <Gwoyeu_II>har</Gwoyeu_II>
  <Gwoyeu_III>haa</Gwoyeu_III>
  <Gwoyeu_IV>hah</Gwoyeu_IV>
  <Gwoyeu_V>.ha</Gwoyeu_V>
 </item>
 <item>
  <Hanyu>hai</Hanyu>
  <Gwoyeu_I>hai</Gwoyeu_I>
  <Gwoyeu_II>hair</Gwoyeu_II>
  <Gwoyeu_III>hae</Gwoyeu_III>
  <Gwoyeu_IV>hay</Gwoyeu_IV>
  <Gwoyeu_V>.hai</Gwoyeu_V>
 </item>
 <item>
  <Hanyu>han</Hanyu>
  <Gwoyeu_I>han</Gwoyeu_I>
  <Gwoyeu_II>harn</Gwoyeu_II>
  <Gwoyeu_III>haan</Gwoyeu_III>
  <Gwoyeu_IV>hann</Gwoyeu_IV>
  <Gwoyeu_V>.han</Gwoyeu_V>
 </item>
 <item>
  <Hanyu>hang</Hanyu>
  <Gwoyeu_I>hang</Gwoyeu_I>
  <Gwoyeu_II>harng</Gwoyeu_II>
  <Gwoyeu_III>haang</Gwoyeu_III>
  <Gwoyeu_IV>hanq</Gwoyeu_IV>
  <Gwoyeu_V>.hang</Gwoyeu_V>
 </item>
 <item>
  <Hanyu>hao</Hanyu>
  <Gwoyeu_I>hau</Gwoyeu_I>
  <Gwoyeu_II>haur</Gwoyeu_II>
  <Gwoyeu_III>hao</Gwoyeu_III>
  <Gwoyeu_IV>haw</Gwoyeu_IV>
  <Gwoyeu_V>.hau</Gwoyeu_V>
 </item>
 <item>
  <Hanyu>he</Hanyu>
  <Gwoyeu_I>he</Gwoyeu_I>
  <Gwoyeu_II>her</Gwoyeu_II>
  <Gwoyeu_III>hee</Gwoyeu_III>
  <Gwoyeu_IV>heh</Gwoyeu_IV>
  <Gwoyeu_V>.he</Gwoyeu_V>
 </item>
 <item>
  <Hanyu>hei</Hanyu>
  <Gwoyeu_I>hei</Gwoyeu_I>
  <Gwoyeu_II>heir</Gwoyeu_II>
  <Gwoyeu_III>heei</Gwoyeu_III>
  <Gwoyeu_IV>hey</Gwoyeu_IV>
  <Gwoyeu_V>.hei</Gwoyeu_V>
 </item>
 <item>
  <Hanyu>hen</Hanyu>
  <Gwoyeu_I>hen</Gwoyeu_I>
  <Gwoyeu_II>hern</Gwoyeu_II>
  <Gwoyeu_III>heen</Gwoyeu_III>
  <Gwoyeu_IV>henn</Gwoyeu_IV>
  <Gwoyeu_V>.hen</Gwoyeu_V>
 </item>
 <item>
  <Hanyu>heng</Hanyu>
  <Gwoyeu_I>heng</Gwoyeu_I>
  <Gwoyeu_II>herng</Gwoyeu_II>
  <Gwoyeu_III>heeng</Gwoyeu_III>
  <Gwoyeu_IV>henq</Gwoyeu_IV>
  <Gwoyeu_V>.heng</Gwoyeu_V>
 </item>
 <item>
  <Hanyu>hong</Hanyu>
  <Gwoyeu_I>hong</Gwoyeu_I>
  <Gwoyeu_II>horng</Gwoyeu_II>
  <Gwoyeu_III>hoong</Gwoyeu_III>
  <Gwoyeu_IV>honq</Gwoyeu_IV>
  <Gwoyeu_V>.hong</Gwoyeu_V>
 </item>
 <item>
  <Hanyu>hou</Hanyu>
  <Gwoyeu_I>hou</Gwoyeu_I>
  <Gwoyeu_II>hour</Gwoyeu_II>
  <Gwoyeu_III>hoou</Gwoyeu_III>
  <Gwoyeu_IV>how</Gwoyeu_IV>
  <Gwoyeu_V>.hou</Gwoyeu_V>
 </item>
 <item>
  <Hanyu>hu</Hanyu>
  <Gwoyeu_I>hu</Gwoyeu_I>
  <Gwoyeu_II>hwu</Gwoyeu_II>
  <Gwoyeu_III>huu</Gwoyeu_III>
  <Gwoyeu_IV>huh</Gwoyeu_IV>
  <Gwoyeu_V>.hu</Gwoyeu_V>
 </item>
 <item>
  <Hanyu>hua</Hanyu>
  <Gwoyeu_I>hua</Gwoyeu_I>
  <Gwoyeu_II>hwa</Gwoyeu_II>
  <Gwoyeu_III>hoa</Gwoyeu_III>
  <Gwoyeu_IV>huah</Gwoyeu_IV>
  <Gwoyeu_V>.hua</Gwoyeu_V>
 </item>
 <item>
  <Hanyu>huai</Hanyu>
  <Gwoyeu_I>huai</Gwoyeu_I>
  <Gwoyeu_II>hwai</Gwoyeu_II>
  <Gwoyeu_III>hoai</Gwoyeu_III>
  <Gwoyeu_IV>huay</Gwoyeu_IV>
  <Gwoyeu_V>.huai</Gwoyeu_V>
 </item>
 <item>
  <Hanyu>huan</Hanyu>
  <Gwoyeu_I>huan</Gwoyeu_I>
  <Gwoyeu_II>hwan</Gwoyeu_II>
  <Gwoyeu_III>hoan</Gwoyeu_III>
  <Gwoyeu_IV>huann</Gwoyeu_IV>
  <Gwoyeu_V>.huan</Gwoyeu_V>
 </item>
 <item>
  <Hanyu>huang</Hanyu>
  <Gwoyeu_I>huang</Gwoyeu_I>
  <Gwoyeu_II>hwang</Gwoyeu_II>
  <Gwoyeu_III>hoang</Gwoyeu_III>
  <Gwoyeu_IV>huanq</Gwoyeu_IV>
  <Gwoyeu_V>.huang</Gwoyeu_V>
 </item>
 <item>
  <Hanyu>hui</Hanyu>
  <Gwoyeu_I>huei</Gwoyeu_I>
  <Gwoyeu_II>hwei</Gwoyeu_II>
  <Gwoyeu_III>hoei</Gwoyeu_III>
  <Gwoyeu_IV>huey</Gwoyeu_IV>
  <Gwoyeu_V>.huei</Gwoyeu_V>
 </item>
 <item>
  <Hanyu>hun</Hanyu>
  <Gwoyeu_I>huen</Gwoyeu_I>
  <Gwoyeu_II>hwen</Gwoyeu_II>
  <Gwoyeu_III>hoen</Gwoyeu_III>
  <Gwoyeu_IV>huenn</Gwoyeu_IV>
  <Gwoyeu_V>.huen</Gwoyeu_V>
 </item>
 <item>
  <Hanyu>huo</Hanyu>
  <Gwoyeu_I>huo</Gwoyeu_I>
  <Gwoyeu_II>hwo</Gwoyeu_II>
  <Gwoyeu_III>huoo</Gwoyeu_III>
  <Gwoyeu_IV>huoh</Gwoyeu_IV>
  <Gwoyeu_V>.huo</Gwoyeu_V>
 </item>
 <item>
  <Hanyu>zha</Hanyu>
  <Gwoyeu_I>ja</Gwoyeu_I>
  <Gwoyeu_II>jar</Gwoyeu_II>
  <Gwoyeu_III>jaa</Gwoyeu_III>
  <Gwoyeu_IV>jah</Gwoyeu_IV>
  <Gwoyeu_V>.ja</Gwoyeu_V>
 </item>
 <item>
  <Hanyu>zhai</Hanyu>
  <Gwoyeu_I>jai</Gwoyeu_I>
  <Gwoyeu_II>jair</Gwoyeu_II>
  <Gwoyeu_III>jae</Gwoyeu_III>
  <Gwoyeu_IV>jay</Gwoyeu_IV>
  <Gwoyeu_V>.jai</Gwoyeu_V>
 </item>
 <item>
  <Hanyu>zhan</Hanyu>
  <Gwoyeu_I>jan</Gwoyeu_I>
  <Gwoyeu_II>jarn</Gwoyeu_II>
  <Gwoyeu_III>jaan</Gwoyeu_III>
  <Gwoyeu_IV>jann</Gwoyeu_IV>
  <Gwoyeu_V>.jan</Gwoyeu_V>
 </item>
 <item>
  <Hanyu>zhang</Hanyu>
  <Gwoyeu_I>jang</Gwoyeu_I>
  <Gwoyeu_II>jarng</Gwoyeu_II>
  <Gwoyeu_III>jaang</Gwoyeu_III>
  <Gwoyeu_IV>janq</Gwoyeu_IV>
  <Gwoyeu_V>.jang</Gwoyeu_V>
 </item>
 <item>
  <Hanyu>zhao</Hanyu>
  <Gwoyeu_I>jau</Gwoyeu_I>
  <Gwoyeu_II>jaur</Gwoyeu_II>
  <Gwoyeu_III>jao</Gwoyeu_III>
  <Gwoyeu_IV>jaw</Gwoyeu_IV>
  <Gwoyeu_V>.jau</Gwoyeu_V>
 </item>
 <item>
  <Hanyu>zhe</Hanyu>
  <Gwoyeu_I>je</Gwoyeu_I>
  <Gwoyeu_II>jer</Gwoyeu_II>
  <Gwoyeu_III>jee</Gwoyeu_III>
  <Gwoyeu_IV>jeh</Gwoyeu_IV>
  <Gwoyeu_V>.je</Gwoyeu_V>
 </item>
 <item>
  <Hanyu>zhei</Hanyu>
  <Gwoyeu_I>jei</Gwoyeu_I>
  <Gwoyeu_II>jeir</Gwoyeu_II>
  <Gwoyeu_III>jeei</Gwoyeu_III>
  <Gwoyeu_IV>jey</Gwoyeu_IV>
  <Gwoyeu_V>.jei</Gwoyeu_V>
 </item>
 <item>
  <Hanyu>zhen</Hanyu>
  <Gwoyeu_I>jen</Gwoyeu_I>
  <Gwoyeu_II>jern</Gwoyeu_II>
  <Gwoyeu_III>jeen</Gwoyeu_III>
  <Gwoyeu_IV>jenn</Gwoyeu_IV>
  <Gwoyeu_V>.jen</Gwoyeu_V>
 </item>
 <item>
  <Hanyu>zheng</Hanyu>
  <Gwoyeu_I>jeng</Gwoyeu_I>
  <Gwoyeu_II>jerng</Gwoyeu_II>
  <Gwoyeu_III>jeeng</Gwoyeu_III>
  <Gwoyeu_IV>jenq</Gwoyeu_IV>
  <Gwoyeu_V>.jeng</Gwoyeu_V>
 </item>
 <item>
  <Hanyu>zhi</Hanyu>
  <Gwoyeu_I>jy</Gwoyeu_I>
  <Gwoyeu_II>jyr</Gwoyeu_II>
  <Gwoyeu_III>jyy</Gwoyeu_III>
  <Gwoyeu_IV>jyh</Gwoyeu_IV>
  <Gwoyeu_V>.jy</Gwoyeu_V>
 </item>
 <item>
  <Hanyu>zhong</Hanyu>
  <Gwoyeu_I>jong</Gwoyeu_I>
  <Gwoyeu_II>jorng</Gwoyeu_II>
  <Gwoyeu_III>joong</Gwoyeu_III>
  <Gwoyeu_IV>jonq</Gwoyeu_IV>
  <Gwoyeu_V>.jong</Gwoyeu_V>
 </item>
 <item>
  <Hanyu>zhou</Hanyu>
  <Gwoyeu_I>jou</Gwoyeu_I>
  <Gwoyeu_II>jour</Gwoyeu_II>
  <Gwoyeu_III>joou</Gwoyeu_III>
  <Gwoyeu_IV>jow</Gwoyeu_IV>
  <Gwoyeu_V>.jou</Gwoyeu_V>
 </item>
 <item>
  <Hanyu>zhu</Hanyu>
  <Gwoyeu_I>ju</Gwoyeu_I>
  <Gwoyeu_II>jwu</Gwoyeu_II>
  <Gwoyeu_III>juu</Gwoyeu_III>
  <Gwoyeu_IV>juh</Gwoyeu_IV>
  <Gwoyeu_V>.ju</Gwoyeu_V>
 </item>
 <item>
  <Hanyu>zhua</Hanyu>
  <Gwoyeu_I>jua</Gwoyeu_I>
  <Gwoyeu_II>jwa</Gwoyeu_II>
  <Gwoyeu_III>joa</Gwoyeu_III>
  <Gwoyeu_IV>juah</Gwoyeu_IV>
  <Gwoyeu_V>.jua</Gwoyeu_V>
 </item>
 <item>
  <Hanyu>zhuai</Hanyu>
  <Gwoyeu_I>juai</Gwoyeu_I>
  <Gwoyeu_II>jwai</Gwoyeu_II>
  <Gwoyeu_III>joai</Gwoyeu_III>
  <Gwoyeu_IV>juay</Gwoyeu_IV>
  <Gwoyeu_V>.juai</Gwoyeu_V>
 </item>
 <item>
  <Hanyu>zhuan</Hanyu>
  <Gwoyeu_I>juan</Gwoyeu_I>
  <Gwoyeu_II>jwan</Gwoyeu_II>
  <Gwoyeu_III>joan</Gwoyeu_III>
  <Gwoyeu_IV>juann</Gwoyeu_IV>
  <Gwoyeu_V>.juan</Gwoyeu_V>
 </item>
 <item>
  <Hanyu>zhuang</Hanyu>
  <Gwoyeu_I>juang</Gwoyeu_I>
  <Gwoyeu_II>jwang</Gwoyeu_II>
  <Gwoyeu_III>joang</Gwoyeu_III>
  <Gwoyeu_IV>juanq</Gwoyeu_IV>
  <Gwoyeu_V>.juang</Gwoyeu_V>
 </item>
 <item>
  <Hanyu>zhui</Hanyu>
  <Gwoyeu_I>juei</Gwoyeu_I>
  <Gwoyeu_II>jwei</Gwoyeu_II>
  <Gwoyeu_III>joei</Gwoyeu_III>
  <Gwoyeu_IV>juey</Gwoyeu_IV>
  <Gwoyeu_V>.juei</Gwoyeu_V>
 </item>
 <item>
  <Hanyu>zhun</Hanyu>
  <Gwoyeu_I>juen</Gwoyeu_I>
  <Gwoyeu_II>jwen</Gwoyeu_II>
  <Gwoyeu_III>joen</Gwoyeu_III>
  <Gwoyeu_IV>juenn</Gwoyeu_IV>
  <Gwoyeu_V>.juen</Gwoyeu_V>
 </item>
 <item>
  <Hanyu>zhuo</Hanyu>
  <Gwoyeu_I>juo</Gwoyeu_I>
  <Gwoyeu_II>jwo</Gwoyeu_II>
  <Gwoyeu_III>juoo</Gwoyeu_III>
  <Gwoyeu_IV>juoh</Gwoyeu_IV>
  <Gwoyeu_V>.juo</Gwoyeu_V>
 </item>
 <item>
  <Hanyu>ji</Hanyu>
  <Gwoyeu_I>ji</Gwoyeu_I>
  <Gwoyeu_II>jyi</Gwoyeu_II>
  <Gwoyeu_III>jii</Gwoyeu_III>
  <Gwoyeu_IV>jih</Gwoyeu_IV>
  <Gwoyeu_V>.ji</Gwoyeu_V>
 </item>
 <item>
  <Hanyu>jia</Hanyu>
  <Gwoyeu_I>jia</Gwoyeu_I>
  <Gwoyeu_II>jya</Gwoyeu_II>
  <Gwoyeu_III>jea</Gwoyeu_III>
  <Gwoyeu_IV>jiah</Gwoyeu_IV>
  <Gwoyeu_V>.jia</Gwoyeu_V>
 </item>
 <item>
  <Hanyu>jian</Hanyu>
  <Gwoyeu_I>jian</Gwoyeu_I>
  <Gwoyeu_II>jyan</Gwoyeu_II>
  <Gwoyeu_III>jean</Gwoyeu_III>
  <Gwoyeu_IV>jiann</Gwoyeu_IV>
  <Gwoyeu_V>.jian</Gwoyeu_V>
 </item>
 <item>
  <Hanyu>jiang</Hanyu>
  <Gwoyeu_I>jiang</Gwoyeu_I>
  <Gwoyeu_II>jyang</Gwoyeu_II>
  <Gwoyeu_III>jeang</Gwoyeu_III>
  <Gwoyeu_IV>jianq</Gwoyeu_IV>
  <Gwoyeu_V>.jiang</Gwoyeu_V>
 </item>
 <item>
  <Hanyu>jiao</Hanyu>
  <Gwoyeu_I>jiau</Gwoyeu_I>
  <Gwoyeu_II>jyau</Gwoyeu_II>
  <Gwoyeu_III>jeau</Gwoyeu_III>
  <Gwoyeu_IV>jiaw</Gwoyeu_IV>
  <Gwoyeu_V>.jiau</Gwoyeu_V>
 </item>
 <item>
  <Hanyu>jie</Hanyu>
  <Gwoyeu_I>jie</Gwoyeu_I>
  <Gwoyeu_II>jye</Gwoyeu_II>
  <Gwoyeu_III>jiee</Gwoyeu_III>
  <Gwoyeu_IV>jieh</Gwoyeu_IV>
  <Gwoyeu_V>.jie</Gwoyeu_V>
 </item>
 <item>
  <Hanyu>jin</Hanyu>
  <Gwoyeu_I>jin</Gwoyeu_I>
  <Gwoyeu_II>jyn</Gwoyeu_II>
  <Gwoyeu_III>jiin</Gwoyeu_III>
  <Gwoyeu_IV>jinn</Gwoyeu_IV>
  <Gwoyeu_V>.jin</Gwoyeu_V>
 </item>
 <item>
  <Hanyu>jing</Hanyu>
  <Gwoyeu_I>jing</Gwoyeu_I>
  <Gwoyeu_II>jyng</Gwoyeu_II>
  <Gwoyeu_III>jiing</Gwoyeu_III>
  <Gwoyeu_IV>jinq</Gwoyeu_IV>
  <Gwoyeu_V>.jing</Gwoyeu_V>
 </item>
 <item>
  <Hanyu>jiu</Hanyu>
  <Gwoyeu_I>jiou</Gwoyeu_I>
  <Gwoyeu_II>jyou</Gwoyeu_II>
  <Gwoyeu_III>jeou</Gwoyeu_III>
  <Gwoyeu_IV>jiow</Gwoyeu_IV>
  <Gwoyeu_V>.jiou</Gwoyeu_V>
 </item>
 <item>
  <Hanyu>jiong</Hanyu>
  <Gwoyeu_I>jiong</Gwoyeu_I>
  <Gwoyeu_II>jyong</Gwoyeu_II>
  <Gwoyeu_III>jeong</Gwoyeu_III>
  <Gwoyeu_IV>jionq</Gwoyeu_IV>
  <Gwoyeu_V>.jiong</Gwoyeu_V>
 </item>
 <item>
  <Hanyu>ju</Hanyu>
  <Gwoyeu_I>jiu</Gwoyeu_I>
  <Gwoyeu_II>jyu</Gwoyeu_II>
  <Gwoyeu_III>jeu</Gwoyeu_III>
  <Gwoyeu_IV>jiuh</Gwoyeu_IV>
  <Gwoyeu_V>.jiu</Gwoyeu_V>
 </item>
 <item>
  <Hanyu>juan</Hanyu>
  <Gwoyeu_I>jiuan</Gwoyeu_I>
  <Gwoyeu_II>jyuan</Gwoyeu_II>
  <Gwoyeu_III>jeuan</Gwoyeu_III>
  <Gwoyeu_IV>jiuann</Gwoyeu_IV>
  <Gwoyeu_V>.jiuan</Gwoyeu_V>
 </item>
 <item>
  <Hanyu>jue</Hanyu>
  <Gwoyeu_I>jiue</Gwoyeu_I>
  <Gwoyeu_II>jyue</Gwoyeu_II>
  <Gwoyeu_III>jeue</Gwoyeu_III>
  <Gwoyeu_IV>jiueh</Gwoyeu_IV>
  <Gwoyeu_V>.jiue</Gwoyeu_V>
 </item>
 <item>
  <Hanyu>jun</Hanyu>
  <Gwoyeu_I>jiun</Gwoyeu_I>
  <Gwoyeu_II>jyun</Gwoyeu_II>
  <Gwoyeu_III>jeun</Gwoyeu_III>
  <Gwoyeu_IV>jiunn</Gwoyeu_IV>
  <Gwoyeu_V>.jiun</Gwoyeu_V>
 </item>
 <item>
  <Hanyu>ka</Hanyu>
  <Gwoyeu_I>ka</Gwoyeu_I>
  <Gwoyeu_II>kar</Gwoyeu_II>
  <Gwoyeu_III>kaa</Gwoyeu_III>
  <Gwoyeu_IV>kah</Gwoyeu_IV>
  <Gwoyeu_V>.ka</Gwoyeu_V>
 </item>
 <item>
  <Hanyu>kai</Hanyu>
  <Gwoyeu_I>kai</Gwoyeu_I>
  <Gwoyeu_II>kair</Gwoyeu_II>
  <Gwoyeu_III>kae</Gwoyeu_III>
  <Gwoyeu_IV>kay</Gwoyeu_IV>
  <Gwoyeu_V>.kai</Gwoyeu_V>
 </item>
 <item>
  <Hanyu>kan</Hanyu>
  <Gwoyeu_I>kan</Gwoyeu_I>
  <Gwoyeu_II>karn</Gwoyeu_II>
  <Gwoyeu_III>kaan</Gwoyeu_III>
  <Gwoyeu_IV>kann</Gwoyeu_IV>
  <Gwoyeu_V>.kan</Gwoyeu_V>
 </item>
 <item>
  <Hanyu>kang</Hanyu>
  <Gwoyeu_I>kang</Gwoyeu_I>
  <Gwoyeu_II>karng</Gwoyeu_II>
  <Gwoyeu_III>kaang</Gwoyeu_III>
  <Gwoyeu_IV>kanq</Gwoyeu_IV>
  <Gwoyeu_V>.kang</Gwoyeu_V>
 </item>
 <item>
  <Hanyu>kao</Hanyu>
  <Gwoyeu_I>kau</Gwoyeu_I>
  <Gwoyeu_II>kaur</Gwoyeu_II>
  <Gwoyeu_III>kao</Gwoyeu_III>
  <Gwoyeu_IV>kaw</Gwoyeu_IV>
  <Gwoyeu_V>.kau</Gwoyeu_V>
 </item>
 <item>
  <Hanyu>ke</Hanyu>
  <Gwoyeu_I>ke</Gwoyeu_I>
  <Gwoyeu_II>ker</Gwoyeu_II>
  <Gwoyeu_III>kee</Gwoyeu_III>
  <Gwoyeu_IV>keh</Gwoyeu_IV>
  <Gwoyeu_V>.ke</Gwoyeu_V>
 </item>
 <item>
  <Hanyu>ken</Hanyu>
  <Gwoyeu_I>ken</Gwoyeu_I>
  <Gwoyeu_II>kern</Gwoyeu_II>
  <Gwoyeu_III>keen</Gwoyeu_III>
  <Gwoyeu_IV>kenn</Gwoyeu_IV>
  <Gwoyeu_V>.ken</Gwoyeu_V>
 </item>
 <item>
  <Hanyu>keng</Hanyu>
  <Gwoyeu_I>keng</Gwoyeu_I>
  <Gwoyeu_II>kerng</Gwoyeu_II>
  <Gwoyeu_III>keeng</Gwoyeu_III>
  <Gwoyeu_IV>kenq</Gwoyeu_IV>
  <Gwoyeu_V>.keng</Gwoyeu_V>
 </item>
 <item>
  <Hanyu>kong</Hanyu>
  <Gwoyeu_I>kong</Gwoyeu_I>
  <Gwoyeu_II>korng</Gwoyeu_II>
  <Gwoyeu_III>koong</Gwoyeu_III>
  <Gwoyeu_IV>konq</Gwoyeu_IV>
  <Gwoyeu_V>.kong</Gwoyeu_V>
 </item>
 <item>
  <Hanyu>kou</Hanyu>
  <Gwoyeu_I>kou</Gwoyeu_I>
  <Gwoyeu_II>kour</Gwoyeu_II>
  <Gwoyeu_III>koou</Gwoyeu_III>
  <Gwoyeu_IV>kow</Gwoyeu_IV>
  <Gwoyeu_V>.kou</Gwoyeu_V>
 </item>
 <item>
  <Hanyu>ku</Hanyu>
  <Gwoyeu_I>ku</Gwoyeu_I>
  <Gwoyeu_II>kwu</Gwoyeu_II>
  <Gwoyeu_III>kuu</Gwoyeu_III>
  <Gwoyeu_IV>kuh</Gwoyeu_IV>
  <Gwoyeu_V>.ku</Gwoyeu_V>
 </item>
 <item>
  <Hanyu>kua</Hanyu>
  <Gwoyeu_I>kua</Gwoyeu_I>
  <Gwoyeu_II>kwa</Gwoyeu_II>
  <Gwoyeu_III>koa</Gwoyeu_III>
  <Gwoyeu_IV>kuah</Gwoyeu_IV>
  <Gwoyeu_V>.kua</Gwoyeu_V>
 </item>
 <item>
  <Hanyu>kuai</Hanyu>
  <Gwoyeu_I>kuai</Gwoyeu_I>
  <Gwoyeu_II>kwai</Gwoyeu_II>
  <Gwoyeu_III>koai</Gwoyeu_III>
  <Gwoyeu_IV>kuay</Gwoyeu_IV>
  <Gwoyeu_V>.kuai</Gwoyeu_V>
 </item>
 <item>
  <Hanyu>kuan</Hanyu>
  <Gwoyeu_I>kuan</Gwoyeu_I>
  <Gwoyeu_II>kwan</Gwoyeu_II>
  <Gwoyeu_III>koan</Gwoyeu_III>
  <Gwoyeu_IV>kuann</Gwoyeu_IV>
  <Gwoyeu_V>.kuan</Gwoyeu_V>
 </item>
 <item>
  <Hanyu>kuang</Hanyu>
  <Gwoyeu_I>kuang</Gwoyeu_I>
  <Gwoyeu_II>kwang</Gwoyeu_II>
  <Gwoyeu_III>koang</Gwoyeu_III>
  <Gwoyeu_IV>kuanq</Gwoyeu_IV>
  <Gwoyeu_V>.kuang</Gwoyeu_V>
 </item>
 <item>
  <Hanyu>kui</Hanyu>
  <Gwoyeu_I>kuei</Gwoyeu_I>
  <Gwoyeu_II>kwei</Gwoyeu_II>
  <Gwoyeu_III>koei</Gwoyeu_III>
  <Gwoyeu_IV>kuey</Gwoyeu_IV>
  <Gwoyeu_V>.kuei</Gwoyeu_V>
 </item>
 <item>
  <Hanyu>kun</Hanyu>
  <Gwoyeu_I>kuen</Gwoyeu_I>
  <Gwoyeu_II>kwen</Gwoyeu_II>
  <Gwoyeu_III>koen</Gwoyeu_III>
  <Gwoyeu_IV>kuenn</Gwoyeu_IV>
  <Gwoyeu_V>.kuen</Gwoyeu_V>
 </item>
 <item>
  <Hanyu>kuo</Hanyu>
  <Gwoyeu_I>kuo</Gwoyeu_I>
  <Gwoyeu_II>kwo</Gwoyeu_II>
  <Gwoyeu_III>kuoo</Gwoyeu_III>
  <Gwoyeu_IV>kuoh</Gwoyeu_IV>
  <Gwoyeu_V>.kuo</Gwoyeu_V>
 </item>
 <item>
  <Hanyu>la</Hanyu>
  <Gwoyeu_I>lha</Gwoyeu_I>
  <Gwoyeu_II>la</Gwoyeu_II>
  <Gwoyeu_III>laa</Gwoyeu_III>
  <Gwoyeu_IV>lah</Gwoyeu_IV>
  <Gwoyeu_V>.lha</Gwoyeu_V>
 </item>
 <item>
  <Hanyu>lai</Hanyu>
  <Gwoyeu_I>lhai</Gwoyeu_I>
  <Gwoyeu_II>lai</Gwoyeu_II>
  <Gwoyeu_III>lae</Gwoyeu_III>
  <Gwoyeu_IV>lay</Gwoyeu_IV>
  <Gwoyeu_V>.lhai</Gwoyeu_V>
 </item>
 <item>
  <Hanyu>lan</Hanyu>
  <Gwoyeu_I>lhan</Gwoyeu_I>
  <Gwoyeu_II>lan</Gwoyeu_II>
  <Gwoyeu_III>laan</Gwoyeu_III>
  <Gwoyeu_IV>lann</Gwoyeu_IV>
  <Gwoyeu_V>.lhan</Gwoyeu_V>
 </item>
 <item>
  <Hanyu>lang</Hanyu>
  <Gwoyeu_I>lhang</Gwoyeu_I>
  <Gwoyeu_II>lang</Gwoyeu_II>
  <Gwoyeu_III>laang</Gwoyeu_III>
  <Gwoyeu_IV>lanq</Gwoyeu_IV>
  <Gwoyeu_V>.lhang</Gwoyeu_V>
 </item>
 <item>
  <Hanyu>lao</Hanyu>
  <Gwoyeu_I>lhau</Gwoyeu_I>
  <Gwoyeu_II>lau</Gwoyeu_II>
  <Gwoyeu_III>lao</Gwoyeu_III>
  <Gwoyeu_IV>law</Gwoyeu_IV>
  <Gwoyeu_V>.lhau</Gwoyeu_V>
 </item>
 <item>
  <Hanyu>le</Hanyu>
  <Gwoyeu_I>lhe</Gwoyeu_I>
  <Gwoyeu_II>le</Gwoyeu_II>
  <Gwoyeu_III>lee</Gwoyeu_III>
  <Gwoyeu_IV>leh</Gwoyeu_IV>
  <Gwoyeu_V>.lhe</Gwoyeu_V>
 </item>
 <item>
  <Hanyu>lei</Hanyu>
  <Gwoyeu_I>lhei</Gwoyeu_I>
  <Gwoyeu_II>lei</Gwoyeu_II>
  <Gwoyeu_III>leei</Gwoyeu_III>
  <Gwoyeu_IV>ley</Gwoyeu_IV>
  <Gwoyeu_V>.lhei</Gwoyeu_V>
 </item>
 <item>
  <Hanyu>leng</Hanyu>
  <Gwoyeu_I>lheng</Gwoyeu_I>
  <Gwoyeu_II>leng</Gwoyeu_II>
  <Gwoyeu_III>leeng</Gwoyeu_III>
  <Gwoyeu_IV>lenq</Gwoyeu_IV>
  <Gwoyeu_V>.lheng</Gwoyeu_V>
 </item>
 <item>
  <Hanyu>li</Hanyu>
  <Gwoyeu_I>lhi</Gwoyeu_I>
  <Gwoyeu_II>li</Gwoyeu_II>
  <Gwoyeu_III>lii</Gwoyeu_III>
  <Gwoyeu_IV>lih</Gwoyeu_IV>
  <Gwoyeu_V>.lhi</Gwoyeu_V>
 </item>
 <item>
  <Hanyu>lia</Hanyu>
  <Gwoyeu_I>lhia</Gwoyeu_I>
  <Gwoyeu_II>lia</Gwoyeu_II>
  <Gwoyeu_III>lea</Gwoyeu_III>
  <Gwoyeu_IV>liah</Gwoyeu_IV>
  <Gwoyeu_V>.lhia</Gwoyeu_V>
 </item>
 <item>
  <Hanyu>lian</Hanyu>
  <Gwoyeu_I>lhian</Gwoyeu_I>
  <Gwoyeu_II>lian</Gwoyeu_II>
  <Gwoyeu_III>lean</Gwoyeu_III>
  <Gwoyeu_IV>liann</Gwoyeu_IV>
  <Gwoyeu_V>.lhian</Gwoyeu_V>
 </item>
 <item>
  <Hanyu>liang</Hanyu>
  <Gwoyeu_I>lhiang</Gwoyeu_I>
  <Gwoyeu_II>liang</Gwoyeu_II>
  <Gwoyeu_III>leang</Gwoyeu_III>
  <Gwoyeu_IV>lianq</Gwoyeu_IV>
  <Gwoyeu_V>.lhiang</Gwoyeu_V>
 </item>
 <item>
  <Hanyu>liao</Hanyu>
  <Gwoyeu_I>lhiau</Gwoyeu_I>
  <Gwoyeu_II>liau</Gwoyeu_II>
  <Gwoyeu_III>leau</Gwoyeu_III>
  <Gwoyeu_IV>liaw</Gwoyeu_IV>
  <Gwoyeu_V>.lhiau</Gwoyeu_V>
 </item>
 <item>
  <Hanyu>lie</Hanyu>
  <Gwoyeu_I>lhie</Gwoyeu_I>
  <Gwoyeu_II>lie</Gwoyeu_II>
  <Gwoyeu_III>liee</Gwoyeu_III>
  <Gwoyeu_IV>lieh</Gwoyeu_IV>
  <Gwoyeu_V>.lhie</Gwoyeu_V>
 </item>
 <item>
  <Hanyu>lin</Hanyu>
  <Gwoyeu_I>lhin</Gwoyeu_I>
  <Gwoyeu_II>lin</Gwoyeu_II>
  <Gwoyeu_III>liin</Gwoyeu_III>
  <Gwoyeu_IV>linn</Gwoyeu_IV>
  <Gwoyeu_V>.lhin</Gwoyeu_V>
 </item>
 <item>
  <Hanyu>ling</Hanyu>
  <Gwoyeu_I>lhing</Gwoyeu_I>
  <Gwoyeu_II>ling</Gwoyeu_II>
  <Gwoyeu_III>liing</Gwoyeu_III>
  <Gwoyeu_IV>linq</Gwoyeu_IV>
  <Gwoyeu_V>.lhing</Gwoyeu_V>
 </item>
 <item>
  <Hanyu>liu</Hanyu>
  <Gwoyeu_I>lhiou</Gwoyeu_I>
  <Gwoyeu_II>liou</Gwoyeu_II>
  <Gwoyeu_III>leou</Gwoyeu_III>
  <Gwoyeu_IV>liow</Gwoyeu_IV>
  <Gwoyeu_V>.lhiou</Gwoyeu_V>
 </item>
 <item>
  <Hanyu>lo</Hanyu>
  <Gwoyeu_I>lo</Gwoyeu_I>
  <Gwoyeu_II>lor</Gwoyeu_II>
  <Gwoyeu_III>loo</Gwoyeu_III>
  <Gwoyeu_IV>loh</Gwoyeu_IV>
  <Gwoyeu_V>.lo</Gwoyeu_V>
 </item>
 <item>
  <Hanyu>long</Hanyu>
  <Gwoyeu_I>lhong</Gwoyeu_I>
  <Gwoyeu_II>long</Gwoyeu_II>
  <Gwoyeu_III>loong</Gwoyeu_III>
  <Gwoyeu_IV>lonq</Gwoyeu_IV>
  <Gwoyeu_V>.lhong</Gwoyeu_V>
 </item>
 <item>
  <Hanyu>lou</Hanyu>
  <Gwoyeu_I>lhou</Gwoyeu_I>
  <Gwoyeu_II>lou</Gwoyeu_II>
  <Gwoyeu_III>loou</Gwoyeu_III>
  <Gwoyeu_IV>low</Gwoyeu_IV>
  <Gwoyeu_V>.lhou</Gwoyeu_V>
 </item>
 <item>
  <Hanyu>lu</Hanyu>
  <Gwoyeu_I>lhu</Gwoyeu_I>
  <Gwoyeu_II>lu</Gwoyeu_II>
  <Gwoyeu_III>luu</Gwoyeu_III>
  <Gwoyeu_IV>luh</Gwoyeu_IV>
  <Gwoyeu_V>.lhu</Gwoyeu_V>
 </item>
 <item>
  <Hanyu>luan</Hanyu>
  <Gwoyeu_I>lhuan</Gwoyeu_I>
  <Gwoyeu_II>luan</Gwoyeu_II>
  <Gwoyeu_III>loan</Gwoyeu_III>
  <Gwoyeu_IV>luann</Gwoyeu_IV>
  <Gwoyeu_V>.lhuan</Gwoyeu_V>
 </item>
 <item>
  <Hanyu>lun</Hanyu>
  <Gwoyeu_I>lhuen</Gwoyeu_I>
  <Gwoyeu_II>luen</Gwoyeu_II>
  <Gwoyeu_III>loen</Gwoyeu_III>
  <Gwoyeu_IV>luenn</Gwoyeu_IV>
  <Gwoyeu_V>.lhuen</Gwoyeu_V>
 </item>
 <item>
  <Hanyu>luo</Hanyu>
  <Gwoyeu_I>lhuo</Gwoyeu_I>
  <Gwoyeu_II>luo</Gwoyeu_II>
  <Gwoyeu_III>luoo</Gwoyeu_III>
  <Gwoyeu_IV>luoh</Gwoyeu_IV>
  <Gwoyeu_V>.lhuo</Gwoyeu_V>
 </item>
 <item>
  <Hanyu>lu:</Hanyu>
  <Gwoyeu_I>lhiu</Gwoyeu_I>
  <Gwoyeu_II>liu</Gwoyeu_II>
  <Gwoyeu_III>leu</Gwoyeu_III>
  <Gwoyeu_IV>liuh</Gwoyeu_IV>
  <Gwoyeu_V>.lhiu</Gwoyeu_V>
 </item>
 <item>
  <Hanyu>lu:e</Hanyu>
  <Gwoyeu_I>lhiue</Gwoyeu_I>
  <Gwoyeu_II>liue</Gwoyeu_II>
  <Gwoyeu_III>leue</Gwoyeu_III>
  <Gwoyeu_IV>liueh</Gwoyeu_IV>
  <Gwoyeu_V>.lhiue</Gwoyeu_V>
 </item>
 <item>
  <Hanyu>lu:n</Hanyu>
  <Gwoyeu_I>lhiun</Gwoyeu_I>
  <Gwoyeu_II>liun</Gwoyeu_II>
  <Gwoyeu_III>leun</Gwoyeu_III>
  <Gwoyeu_IV>liunn</Gwoyeu_IV>
  <Gwoyeu_V>.lhiun</Gwoyeu_V>
 </item>
 <item>
  <Hanyu>ma</Hanyu>
  <Gwoyeu_I>mha</Gwoyeu_I>
  <Gwoyeu_II>ma</Gwoyeu_II>
  <Gwoyeu_III>maa</Gwoyeu_III>
  <Gwoyeu_IV>mah</Gwoyeu_IV>
  <Gwoyeu_V>.mha</Gwoyeu_V>
 </item>
 <item>
  <Hanyu>mai</Hanyu>
  <Gwoyeu_I>mhai</Gwoyeu_I>
  <Gwoyeu_II>mai</Gwoyeu_II>
  <Gwoyeu_III>mae</Gwoyeu_III>
  <Gwoyeu_IV>may</Gwoyeu_IV>
  <Gwoyeu_V>.mhai</Gwoyeu_V>
 </item>
 <item>
  <Hanyu>man</Hanyu>
  <Gwoyeu_I>mhan</Gwoyeu_I>
  <Gwoyeu_II>man</Gwoyeu_II>
  <Gwoyeu_III>maan</Gwoyeu_III>
  <Gwoyeu_IV>mann</Gwoyeu_IV>
  <Gwoyeu_V>.mhan</Gwoyeu_V>
 </item>
 <item>
  <Hanyu>mang</Hanyu>
  <Gwoyeu_I>mhang</Gwoyeu_I>
  <Gwoyeu_II>mang</Gwoyeu_II>
  <Gwoyeu_III>maang</Gwoyeu_III>
  <Gwoyeu_IV>manq</Gwoyeu_IV>
  <Gwoyeu_V>.mhang</Gwoyeu_V>
 </item>
 <item>
  <Hanyu>mao</Hanyu>
  <Gwoyeu_I>mhau</Gwoyeu_I>
  <Gwoyeu_II>mau</Gwoyeu_II>
  <Gwoyeu_III>mao</Gwoyeu_III>
  <Gwoyeu_IV>maw</Gwoyeu_IV>
  <Gwoyeu_V>.mhau</Gwoyeu_V>
 </item>
 <item>
  <Hanyu>me</Hanyu>
  <Gwoyeu_I>me</Gwoyeu_I>
  <Gwoyeu_II>mer</Gwoyeu_II>
  <Gwoyeu_III>mee</Gwoyeu_III>
  <Gwoyeu_IV>meh</Gwoyeu_IV>
  <Gwoyeu_V>.me</Gwoyeu_V>
 </item>
 <item>
  <Hanyu>mei</Hanyu>
  <Gwoyeu_I>mhei</Gwoyeu_I>
  <Gwoyeu_II>mei</Gwoyeu_II>
  <Gwoyeu_III>meei</Gwoyeu_III>
  <Gwoyeu_IV>mey</Gwoyeu_IV>
  <Gwoyeu_V>.mhei</Gwoyeu_V>
 </item>
 <item>
  <Hanyu>men</Hanyu>
  <Gwoyeu_I>mhen</Gwoyeu_I>
  <Gwoyeu_II>men</Gwoyeu_II>
  <Gwoyeu_III>meen</Gwoyeu_III>
  <Gwoyeu_IV>menn</Gwoyeu_IV>
  <Gwoyeu_V>.mhen</Gwoyeu_V>
 </item>
 <item>
  <Hanyu>meng</Hanyu>
  <Gwoyeu_I>mheng</Gwoyeu_I>
  <Gwoyeu_II>meng</Gwoyeu_II>
  <Gwoyeu_III>meeng</Gwoyeu_III>
  <Gwoyeu_IV>menq</Gwoyeu_IV>
  <Gwoyeu_V>.mheng</Gwoyeu_V>
 </item>
 <item>
  <Hanyu>mi</Hanyu>
  <Gwoyeu_I>mhi</Gwoyeu_I>
  <Gwoyeu_II>mi</Gwoyeu_II>
  <Gwoyeu_III>mii</Gwoyeu_III>
  <Gwoyeu_IV>mih</Gwoyeu_IV>
  <Gwoyeu_V>.mhi</Gwoyeu_V>
 </item>
 <item>
  <Hanyu>mian</Hanyu>
  <Gwoyeu_I>mhian</Gwoyeu_I>
  <Gwoyeu_II>mian</Gwoyeu_II>
  <Gwoyeu_III>mean</Gwoyeu_III>
  <Gwoyeu_IV>miann</Gwoyeu_IV>
  <Gwoyeu_V>.mhian</Gwoyeu_V>
 </item>
 <item>
  <Hanyu>miao</Hanyu>
  <Gwoyeu_I>mhiau</Gwoyeu_I>
  <Gwoyeu_II>miau</Gwoyeu_II>
  <Gwoyeu_III>meau</Gwoyeu_III>
  <Gwoyeu_IV>miaw</Gwoyeu_IV>
  <Gwoyeu_V>.mhiau</Gwoyeu_V>
 </item>
 <item>
  <Hanyu>mie</Hanyu>
  <Gwoyeu_I>mhie</Gwoyeu_I>
  <Gwoyeu_II>mie</Gwoyeu_II>
  <Gwoyeu_III>miee</Gwoyeu_III>
  <Gwoyeu_IV>mieh</Gwoyeu_IV>
  <Gwoyeu_V>.mhie</Gwoyeu_V>
 </item>
 <item>
  <Hanyu>min</Hanyu>
  <Gwoyeu_I>mhin</Gwoyeu_I>
  <Gwoyeu_II>min</Gwoyeu_II>
  <Gwoyeu_III>miin</Gwoyeu_III>
  <Gwoyeu_IV>minn</Gwoyeu_IV>
  <Gwoyeu_V>.mhin</Gwoyeu_V>
 </item>
 <item>
  <Hanyu>ming</Hanyu>
  <Gwoyeu_I>mhing</Gwoyeu_I>
  <Gwoyeu_II>ming</Gwoyeu_II>
  <Gwoyeu_III>miing</Gwoyeu_III>
  <Gwoyeu_IV>minq</Gwoyeu_IV>
  <Gwoyeu_V>.mhing</Gwoyeu_V>
 </item>
 <item>
  <Hanyu>miu</Hanyu>
  <Gwoyeu_I>mhiou</Gwoyeu_I>
  <Gwoyeu_II>miou</Gwoyeu_II>
  <Gwoyeu_III>meou</Gwoyeu_III>
  <Gwoyeu_IV>miow</Gwoyeu_IV>
  <Gwoyeu_V>.mhiou</Gwoyeu_V>
 </item>
 <item>
  <Hanyu>mo</Hanyu>
  <Gwoyeu_I>mho</Gwoyeu_I>
  <Gwoyeu_II>mo</Gwoyeu_II>
  <Gwoyeu_III>moo</Gwoyeu_III>
  <Gwoyeu_IV>moh</Gwoyeu_IV>
  <Gwoyeu_V>.mho</Gwoyeu_V>
 </item>
 <item>
  <Hanyu>mou</Hanyu>
  <Gwoyeu_I>mhou</Gwoyeu_I>
  <Gwoyeu_II>mou</Gwoyeu_II>
  <Gwoyeu_III>moou</Gwoyeu_III>
  <Gwoyeu_IV>mow</Gwoyeu_IV>
  <Gwoyeu_V>.mhou</Gwoyeu_V>
 </item>
 <item>
  <Hanyu>mu</Hanyu>
  <Gwoyeu_I>mhu</Gwoyeu_I>
  <Gwoyeu_II>mu</Gwoyeu_II>
  <Gwoyeu_III>muu</Gwoyeu_III>
  <Gwoyeu_IV>muh</Gwoyeu_IV>
  <Gwoyeu_V>.mhu</Gwoyeu_V>
 </item>
 <item>
  <Hanyu>na</Hanyu>
  <Gwoyeu_I>nha</Gwoyeu_I>
  <Gwoyeu_II>na</Gwoyeu_II>
  <Gwoyeu_III>naa</Gwoyeu_III>
  <Gwoyeu_IV>nah</Gwoyeu_IV>
  <Gwoyeu_V>.nha</Gwoyeu_V>
 </item>
 <item>
  <Hanyu>nai</Hanyu>
  <Gwoyeu_I>nhai</Gwoyeu_I>
  <Gwoyeu_II>nai</Gwoyeu_II>
  <Gwoyeu_III>nae</Gwoyeu_III>
  <Gwoyeu_IV>nay</Gwoyeu_IV>
  <Gwoyeu_V>.nhai</Gwoyeu_V>
 </item>
 <item>
  <Hanyu>nan</Hanyu>
  <Gwoyeu_I>nhan</Gwoyeu_I>
  <Gwoyeu_II>nan</Gwoyeu_II>
  <Gwoyeu_III>naan</Gwoyeu_III>
  <Gwoyeu_IV>nann</Gwoyeu_IV>
  <Gwoyeu_V>.nhan</Gwoyeu_V>
 </item>
 <item>
  <Hanyu>nang</Hanyu>
  <Gwoyeu_I>nhang</Gwoyeu_I>
  <Gwoyeu_II>nang</Gwoyeu_II>
  <Gwoyeu_III>naang</Gwoyeu_III>
  <Gwoyeu_IV>nanq</Gwoyeu_IV>
  <Gwoyeu_V>.nhang</Gwoyeu_V>
 </item>
 <item>
  <Hanyu>nao</Hanyu>
  <Gwoyeu_I>nhau</Gwoyeu_I>
  <Gwoyeu_II>nau</Gwoyeu_II>
  <Gwoyeu_III>nao</Gwoyeu_III>
  <Gwoyeu_IV>naw</Gwoyeu_IV>
  <Gwoyeu_V>.nhau</Gwoyeu_V>
 </item>
 <item>
  <Hanyu>ne</Hanyu>
  <Gwoyeu_I>nhe</Gwoyeu_I>
  <Gwoyeu_II>ne</Gwoyeu_II>
  <Gwoyeu_III>nee</Gwoyeu_III>
  <Gwoyeu_IV>neh</Gwoyeu_IV>
  <Gwoyeu_V>.nhe</Gwoyeu_V>
 </item>
 <item>
  <Hanyu>nei</Hanyu>
  <Gwoyeu_I>nhei</Gwoyeu_I>
  <Gwoyeu_II>nei</Gwoyeu_II>
  <Gwoyeu_III>neei</Gwoyeu_III>
  <Gwoyeu_IV>ney</Gwoyeu_IV>
  <Gwoyeu_V>.nhei</Gwoyeu_V>
 </item>
 <item>
  <Hanyu>nen</Hanyu>
  <Gwoyeu_I>nhen</Gwoyeu_I>
  <Gwoyeu_II>nen</Gwoyeu_II>
  <Gwoyeu_III>neen</Gwoyeu_III>
  <Gwoyeu_IV>nenn</Gwoyeu_IV>
  <Gwoyeu_V>.nhen</Gwoyeu_V>
 </item>
 <item>
  <Hanyu>neng</Hanyu>
  <Gwoyeu_I>nheng</Gwoyeu_I>
  <Gwoyeu_II>neng</Gwoyeu_II>
  <Gwoyeu_III>neeng</Gwoyeu_III>
  <Gwoyeu_IV>nenq</Gwoyeu_IV>
  <Gwoyeu_V>.nheng</Gwoyeu_V>
 </item>
 <item>
  <Hanyu>ni</Hanyu>
  <Gwoyeu_I>nhi</Gwoyeu_I>
  <Gwoyeu_II>ni</Gwoyeu_II>
  <Gwoyeu_III>nii</Gwoyeu_III>
  <Gwoyeu_IV>nih</Gwoyeu_IV>
  <Gwoyeu_V>.nhi</Gwoyeu_V>
 </item>
 <item>
  <Hanyu>nia</Hanyu>
  <Gwoyeu_I>nia</Gwoyeu_I>
  <Gwoyeu_II>niar</Gwoyeu_II>
  <Gwoyeu_III>niaa</Gwoyeu_III>
  <Gwoyeu_IV>niah</Gwoyeu_IV>
  <Gwoyeu_V>.nia</Gwoyeu_V>
 </item>
 <item>
  <Hanyu>nian</Hanyu>
  <Gwoyeu_I>nhian</Gwoyeu_I>
  <Gwoyeu_II>nian</Gwoyeu_II>
  <Gwoyeu_III>nean</Gwoyeu_III>
  <Gwoyeu_IV>niann</Gwoyeu_IV>
  <Gwoyeu_V>.nhian</Gwoyeu_V>
 </item>
 <item>
  <Hanyu>niang</Hanyu>
  <Gwoyeu_I>nhiang</Gwoyeu_I>
  <Gwoyeu_II>niang</Gwoyeu_II>
  <Gwoyeu_III>neang</Gwoyeu_III>
  <Gwoyeu_IV>nianq</Gwoyeu_IV>
  <Gwoyeu_V>.nhiang</Gwoyeu_V>
 </item>
 <item>
  <Hanyu>niao</Hanyu>
  <Gwoyeu_I>nhiau</Gwoyeu_I>
  <Gwoyeu_II>niau</Gwoyeu_II>
  <Gwoyeu_III>neau</Gwoyeu_III>
  <Gwoyeu_IV>niaw</Gwoyeu_IV>
  <Gwoyeu_V>.nhiau</Gwoyeu_V>
 </item>
 <item>
  <Hanyu>nie</Hanyu>
  <Gwoyeu_I>nhie</Gwoyeu_I>
  <Gwoyeu_II>nie</Gwoyeu_II>
  <Gwoyeu_III>niee</Gwoyeu_III>
  <Gwoyeu_IV>nieh</Gwoyeu_IV>
  <Gwoyeu_V>.nhie</Gwoyeu_V>
 </item>
 <item>
  <Hanyu>nin</Hanyu>
  <Gwoyeu_I>nhin</Gwoyeu_I>
  <Gwoyeu_II>nin</Gwoyeu_II>
  <Gwoyeu_III>niin</Gwoyeu_III>
  <Gwoyeu_IV>ninn</Gwoyeu_IV>
  <Gwoyeu_V>.nhin</Gwoyeu_V>
 </item>
 <item>
  <Hanyu>ning</Hanyu>
  <Gwoyeu_I>nhing</Gwoyeu_I>
  <Gwoyeu_II>ning</Gwoyeu_II>
  <Gwoyeu_III>niing</Gwoyeu_III>
  <Gwoyeu_IV>ninq</Gwoyeu_IV>
  <Gwoyeu_V>.nhing</Gwoyeu_V>
 </item>
 <item>
  <Hanyu>niu</Hanyu>
  <Gwoyeu_I>nhiou</Gwoyeu_I>
  <Gwoyeu_II>niou</Gwoyeu_II>
  <Gwoyeu_III>neou</Gwoyeu_III>
  <Gwoyeu_IV>niow</Gwoyeu_IV>
  <Gwoyeu_V>.nhiou</Gwoyeu_V>
 </item>
 <item>
  <Hanyu>nong</Hanyu>
  <Gwoyeu_I>nhong</Gwoyeu_I>
  <Gwoyeu_II>nong</Gwoyeu_II>
  <Gwoyeu_III>noong</Gwoyeu_III>
  <Gwoyeu_IV>nonq</Gwoyeu_IV>
  <Gwoyeu_V>.nhong</Gwoyeu_V>
 </item>
 <item>
  <Hanyu>nou</Hanyu>
  <Gwoyeu_I>nhou</Gwoyeu_I>
  <Gwoyeu_II>nou</Gwoyeu_II>
  <Gwoyeu_III>noou</Gwoyeu_III>
  <Gwoyeu_IV>now</Gwoyeu_IV>
  <Gwoyeu_V>.nhou</Gwoyeu_V>
 </item>
 <item>
  <Hanyu>nu</Hanyu>
  <Gwoyeu_I>nhu</Gwoyeu_I>
  <Gwoyeu_II>nu</Gwoyeu_II>
  <Gwoyeu_III>nuu</Gwoyeu_III>
  <Gwoyeu_IV>nuh</Gwoyeu_IV>
  <Gwoyeu_V>.nhu</Gwoyeu_V>
 </item>
 <item>
  <Hanyu>nuan</Hanyu>
  <Gwoyeu_I>nhuan</Gwoyeu_I>
  <Gwoyeu_II>nuan</Gwoyeu_II>
  <Gwoyeu_III>noan</Gwoyeu_III>
  <Gwoyeu_IV>nuann</Gwoyeu_IV>
  <Gwoyeu_V>.nhuan</Gwoyeu_V>
 </item>
 <item>
  <Hanyu>nun</Hanyu>
  <Gwoyeu_I>nhuen</Gwoyeu_I>
  <Gwoyeu_II>nuen</Gwoyeu_II>
  <Gwoyeu_III>noen</Gwoyeu_III>
  <Gwoyeu_IV>nuenn</Gwoyeu_IV>
  <Gwoyeu_V>.nhuen</Gwoyeu_V>
 </item>
 <item>
  <Hanyu>nuo</Hanyu>
  <Gwoyeu_I>nhuo</Gwoyeu_I>
  <Gwoyeu_II>nuo</Gwoyeu_II>
  <Gwoyeu_III>nuoo</Gwoyeu_III>
  <Gwoyeu_IV>nuoh</Gwoyeu_IV>
  <Gwoyeu_V>.nhuo</Gwoyeu_V>
 </item>
 <item>
  <Hanyu>nu:</Hanyu>
  <Gwoyeu_I>nhiu</Gwoyeu_I>
  <Gwoyeu_II>niu</Gwoyeu_II>
  <Gwoyeu_III>neu</Gwoyeu_III>
  <Gwoyeu_IV>niuh</Gwoyeu_IV>
  <Gwoyeu_V>.nhiu</Gwoyeu_V>
 </item>
 <item>
  <Hanyu>nu:e</Hanyu>
  <Gwoyeu_I>nhiue</Gwoyeu_I>
  <Gwoyeu_II>niue</Gwoyeu_II>
  <Gwoyeu_III>neue</Gwoyeu_III>
  <Gwoyeu_IV>niueh</Gwoyeu_IV>
  <Gwoyeu_V>.nhiue</Gwoyeu_V>
 </item>
 <item>
  <Hanyu>ou</Hanyu>
  <Gwoyeu_I>ou</Gwoyeu_I>
  <Gwoyeu_II>our</Gwoyeu_II>
  <Gwoyeu_III>oou</Gwoyeu_III>
  <Gwoyeu_IV>ow</Gwoyeu_IV>
  <Gwoyeu_V>.ou</Gwoyeu_V>
 </item>
 <item>
  <Hanyu>pa</Hanyu>
  <Gwoyeu_I>pa</Gwoyeu_I>
  <Gwoyeu_II>par</Gwoyeu_II>
  <Gwoyeu_III>paa</Gwoyeu_III>
  <Gwoyeu_IV>pah</Gwoyeu_IV>
  <Gwoyeu_V>.pa</Gwoyeu_V>
 </item>
 <item>
  <Hanyu>pai</Hanyu>
  <Gwoyeu_I>pai</Gwoyeu_I>
  <Gwoyeu_II>pair</Gwoyeu_II>
  <Gwoyeu_III>pae</Gwoyeu_III>
  <Gwoyeu_IV>pay</Gwoyeu_IV>
  <Gwoyeu_V>.pai</Gwoyeu_V>
 </item>
 <item>
  <Hanyu>pan</Hanyu>
  <Gwoyeu_I>pan</Gwoyeu_I>
  <Gwoyeu_II>parn</Gwoyeu_II>
  <Gwoyeu_III>paan</Gwoyeu_III>
  <Gwoyeu_IV>pann</Gwoyeu_IV>
  <Gwoyeu_V>.pan</Gwoyeu_V>
 </item>
 <item>
  <Hanyu>pang</Hanyu>
  <Gwoyeu_I>pang</Gwoyeu_I>
  <Gwoyeu_II>parng</Gwoyeu_II>
  <Gwoyeu_III>paang</Gwoyeu_III>
  <Gwoyeu_IV>panq</Gwoyeu_IV>
  <Gwoyeu_V>.pang</Gwoyeu_V>
 </item>
 <item>
  <Hanyu>pao</Hanyu>
  <Gwoyeu_I>pau</Gwoyeu_I>
  <Gwoyeu_II>paur</Gwoyeu_II>
  <Gwoyeu_III>pao</Gwoyeu_III>
  <Gwoyeu_IV>paw</Gwoyeu_IV>
  <Gwoyeu_V>.pau</Gwoyeu_V>
 </item>
 <item>
  <Hanyu>pei</Hanyu>
  <Gwoyeu_I>pei</Gwoyeu_I>
  <Gwoyeu_II>peir</Gwoyeu_II>
  <Gwoyeu_III>peei</Gwoyeu_III>
  <Gwoyeu_IV>pey</Gwoyeu_IV>
  <Gwoyeu_V>.pei</Gwoyeu_V>
 </item>
 <item>
  <Hanyu>pen</Hanyu>
  <Gwoyeu_I>pen</Gwoyeu_I>
  <Gwoyeu_II>pern</Gwoyeu_II>
  <Gwoyeu_III>peen</Gwoyeu_III>
  <Gwoyeu_IV>penn</Gwoyeu_IV>
  <Gwoyeu_V>.pen</Gwoyeu_V>
 </item>
 <item>
  <Hanyu>peng</Hanyu>
  <Gwoyeu_I>peng</Gwoyeu_I>
  <Gwoyeu_II>perng</Gwoyeu_II>
  <Gwoyeu_III>peeng</Gwoyeu_III>
  <Gwoyeu_IV>penq</Gwoyeu_IV>
  <Gwoyeu_V>.peng</Gwoyeu_V>
 </item>
 <item>
  <Hanyu>pi</Hanyu>
  <Gwoyeu_I>pi</Gwoyeu_I>
  <Gwoyeu_II>pyi</Gwoyeu_II>
  <Gwoyeu_III>pii</Gwoyeu_III>
  <Gwoyeu_IV>pih</Gwoyeu_IV>
  <Gwoyeu_V>.pi</Gwoyeu_V>
 </item>
 <item>
  <Hanyu>pian</Hanyu>
  <Gwoyeu_I>pian</Gwoyeu_I>
  <Gwoyeu_II>pyan</Gwoyeu_II>
  <Gwoyeu_III>pean</Gwoyeu_III>
  <Gwoyeu_IV>piann</Gwoyeu_IV>
  <Gwoyeu_V>.pian</Gwoyeu_V>
 </item>
 <item>
  <Hanyu>piao</Hanyu>
  <Gwoyeu_I>piau</Gwoyeu_I>
  <Gwoyeu_II>pyau</Gwoyeu_II>
  <Gwoyeu_III>peau</Gwoyeu_III>
  <Gwoyeu_IV>piaw</Gwoyeu_IV>
  <Gwoyeu_V>.piau</Gwoyeu_V>
 </item>
 <item>
  <Hanyu>pie</Hanyu>
  <Gwoyeu_I>pie</Gwoyeu_I>
  <Gwoyeu_II>pye</Gwoyeu_II>
  <Gwoyeu_III>piee</Gwoyeu_III>
  <Gwoyeu_IV>pieh</Gwoyeu_IV>
  <Gwoyeu_V>.pie</Gwoyeu_V>
 </item>
 <item>
  <Hanyu>pin</Hanyu>
  <Gwoyeu_I>pin</Gwoyeu_I>
  <Gwoyeu_II>pyn</Gwoyeu_II>
  <Gwoyeu_III>piin</Gwoyeu_III>
  <Gwoyeu_IV>pinn</Gwoyeu_IV>
  <Gwoyeu_V>.pin</Gwoyeu_V>
 </item>
 <item>
  <Hanyu>ping</Hanyu>
  <Gwoyeu_I>ping</Gwoyeu_I>
  <Gwoyeu_II>pyng</Gwoyeu_II>
  <Gwoyeu_III>piing</Gwoyeu_III>
  <Gwoyeu_IV>pinq</Gwoyeu_IV>
  <Gwoyeu_V>.ping</Gwoyeu_V>
 </item>
 <item>
  <Hanyu>po</Hanyu>
  <Gwoyeu_I>po</Gwoyeu_I>
  <Gwoyeu_II>por</Gwoyeu_II>
  <Gwoyeu_III>poo</Gwoyeu_III>
  <Gwoyeu_IV>poh</Gwoyeu_IV>
  <Gwoyeu_V>.po</Gwoyeu_V>
 </item>
 <item>
  <Hanyu>pou</Hanyu>
  <Gwoyeu_I>pou</Gwoyeu_I>
  <Gwoyeu_II>pour</Gwoyeu_II>
  <Gwoyeu_III>poou</Gwoyeu_III>
  <Gwoyeu_IV>pow</Gwoyeu_IV>
  <Gwoyeu_V>.pou</Gwoyeu_V>
 </item>
 <item>
  <Hanyu>pu</Hanyu>
  <Gwoyeu_I>pu</Gwoyeu_I>
  <Gwoyeu_II>pwu</Gwoyeu_II>
  <Gwoyeu_III>puu</Gwoyeu_III>
  <Gwoyeu_IV>puh</Gwoyeu_IV>
  <Gwoyeu_V>.pu</Gwoyeu_V>
 </item>
 <item>
  <Hanyu>ran</Hanyu>
  <Gwoyeu_I>rhan</Gwoyeu_I>
  <Gwoyeu_II>ran</Gwoyeu_II>
  <Gwoyeu_III>raan</Gwoyeu_III>
  <Gwoyeu_IV>rann</Gwoyeu_IV>
  <Gwoyeu_V>.rhan</Gwoyeu_V>
 </item>
 <item>
  <Hanyu>rang</Hanyu>
  <Gwoyeu_I>rhang</Gwoyeu_I>
  <Gwoyeu_II>rang</Gwoyeu_II>
  <Gwoyeu_III>raang</Gwoyeu_III>
  <Gwoyeu_IV>ranq</Gwoyeu_IV>
  <Gwoyeu_V>.rhang</Gwoyeu_V>
 </item>
 <item>
  <Hanyu>rao</Hanyu>
  <Gwoyeu_I>rhau</Gwoyeu_I>
  <Gwoyeu_II>rau</Gwoyeu_II>
  <Gwoyeu_III>rao</Gwoyeu_III>
  <Gwoyeu_IV>raw</Gwoyeu_IV>
  <Gwoyeu_V>.rhau</Gwoyeu_V>
 </item>
 <item>
  <Hanyu>re</Hanyu>
  <Gwoyeu_I>rhe</Gwoyeu_I>
  <Gwoyeu_II>re</Gwoyeu_II>
  <Gwoyeu_III>ree</Gwoyeu_III>
  <Gwoyeu_IV>reh</Gwoyeu_IV>
  <Gwoyeu_V>.rhe</Gwoyeu_V>
 </item>
 <item>
  <Hanyu>ren</Hanyu>
  <Gwoyeu_I>rhen</Gwoyeu_I>
  <Gwoyeu_II>ren</Gwoyeu_II>
  <Gwoyeu_III>reen</Gwoyeu_III>
  <Gwoyeu_IV>renn</Gwoyeu_IV>
  <Gwoyeu_V>.rhen</Gwoyeu_V>
 </item>
 <item>
  <Hanyu>reng</Hanyu>
  <Gwoyeu_I>rheng</Gwoyeu_I>
  <Gwoyeu_II>reng</Gwoyeu_II>
  <Gwoyeu_III>reeng</Gwoyeu_III>
  <Gwoyeu_IV>renq</Gwoyeu_IV>
  <Gwoyeu_V>.rheng</Gwoyeu_V>
 </item>
 <item>
  <Hanyu>ri</Hanyu>
  <Gwoyeu_I>rhy</Gwoyeu_I>
  <Gwoyeu_II>ry</Gwoyeu_II>
  <Gwoyeu_III>ryy</Gwoyeu_III>
  <Gwoyeu_IV>ryh</Gwoyeu_IV>
  <Gwoyeu_V>.rhy</Gwoyeu_V>
 </item>
 <item>
  <Hanyu>rong</Hanyu>
  <Gwoyeu_I>rhong</Gwoyeu_I>
  <Gwoyeu_II>rong</Gwoyeu_II>
  <Gwoyeu_III>roong</Gwoyeu_III>
  <Gwoyeu_IV>ronq</Gwoyeu_IV>
  <Gwoyeu_V>.rhong</Gwoyeu_V>
 </item>
 <item>
  <Hanyu>rou</Hanyu>
  <Gwoyeu_I>rhou</Gwoyeu_I>
  <Gwoyeu_II>rou</Gwoyeu_II>
  <Gwoyeu_III>roou</Gwoyeu_III>
  <Gwoyeu_IV>row</Gwoyeu_IV>
  <Gwoyeu_V>.rhou</Gwoyeu_V>
 </item>
 <item>
  <Hanyu>ru</Hanyu>
  <Gwoyeu_I>rhu</Gwoyeu_I>
  <Gwoyeu_II>ru</Gwoyeu_II>
  <Gwoyeu_III>ruu</Gwoyeu_III>
  <Gwoyeu_IV>ruh</Gwoyeu_IV>
  <Gwoyeu_V>.rhu</Gwoyeu_V>
 </item>
 <item>
  <Hanyu>ruan</Hanyu>
  <Gwoyeu_I>rhuan</Gwoyeu_I>
  <Gwoyeu_II>ruan</Gwoyeu_II>
  <Gwoyeu_III>roan</Gwoyeu_III>
  <Gwoyeu_IV>ruann</Gwoyeu_IV>
  <Gwoyeu_V>.rhuan</Gwoyeu_V>
 </item>
 <item>
  <Hanyu>rui</Hanyu>
  <Gwoyeu_I>rhuei</Gwoyeu_I>
  <Gwoyeu_II>ruei</Gwoyeu_II>
  <Gwoyeu_III>roei</Gwoyeu_III>
  <Gwoyeu_IV>ruey</Gwoyeu_IV>
  <Gwoyeu_V>.rhuei</Gwoyeu_V>
 </item>
 <item>
  <Hanyu>run</Hanyu>
  <Gwoyeu_I>rhuen</Gwoyeu_I>
  <Gwoyeu_II>ruen</Gwoyeu_II>
  <Gwoyeu_III>roen</Gwoyeu_III>
  <Gwoyeu_IV>ruenn</Gwoyeu_IV>
  <Gwoyeu_V>.rhuen</Gwoyeu_V>
 </item>
 <item>
  <Hanyu>ruo</Hanyu>
  <Gwoyeu_I>rhuo</Gwoyeu_I>
  <Gwoyeu_II>ruo</Gwoyeu_II>
  <Gwoyeu_III>ruoo</Gwoyeu_III>
  <Gwoyeu_IV>ruoh</Gwoyeu_IV>
  <Gwoyeu_V>.rhuo</Gwoyeu_V>
 </item>
 <item>
  <Hanyu>sa</Hanyu>
  <Gwoyeu_I>sa</Gwoyeu_I>
  <Gwoyeu_II>sar</Gwoyeu_II>
  <Gwoyeu_III>saa</Gwoyeu_III>
  <Gwoyeu_IV>sah</Gwoyeu_IV>
  <Gwoyeu_V>.sa</Gwoyeu_V>
 </item>
 <item>
  <Hanyu>sai</Hanyu>
  <Gwoyeu_I>sai</Gwoyeu_I>
  <Gwoyeu_II>sair</Gwoyeu_II>
  <Gwoyeu_III>sae</Gwoyeu_III>
  <Gwoyeu_IV>say</Gwoyeu_IV>
  <Gwoyeu_V>.sai</Gwoyeu_V>
 </item>
 <item>
  <Hanyu>san</Hanyu>
  <Gwoyeu_I>san</Gwoyeu_I>
  <Gwoyeu_II>sarn</Gwoyeu_II>
  <Gwoyeu_III>saan</Gwoyeu_III>
  <Gwoyeu_IV>sann</Gwoyeu_IV>
  <Gwoyeu_V>.san</Gwoyeu_V>
 </item>
 <item>
  <Hanyu>sang</Hanyu>
  <Gwoyeu_I>sang</Gwoyeu_I>
  <Gwoyeu_II>sarng</Gwoyeu_II>
  <Gwoyeu_III>saang</Gwoyeu_III>
  <Gwoyeu_IV>sanq</Gwoyeu_IV>
  <Gwoyeu_V>.sang</Gwoyeu_V>
 </item>
 <item>
  <Hanyu>sao</Hanyu>
  <Gwoyeu_I>sau</Gwoyeu_I>
  <Gwoyeu_II>saur</Gwoyeu_II>
  <Gwoyeu_III>sao</Gwoyeu_III>
  <Gwoyeu_IV>saw</Gwoyeu_IV>
  <Gwoyeu_V>.sau</Gwoyeu_V>
 </item>
 <item>
  <Hanyu>se</Hanyu>
  <Gwoyeu_I>se</Gwoyeu_I>
  <Gwoyeu_II>ser</Gwoyeu_II>
  <Gwoyeu_III>see</Gwoyeu_III>
  <Gwoyeu_IV>seh</Gwoyeu_IV>
  <Gwoyeu_V>.se</Gwoyeu_V>
 </item>
 <item>
  <Hanyu>sei</Hanyu>
  <Gwoyeu_I>sei</Gwoyeu_I>
  <Gwoyeu_II>seir</Gwoyeu_II>
  <Gwoyeu_III>seei</Gwoyeu_III>
  <Gwoyeu_IV>sey</Gwoyeu_IV>
  <Gwoyeu_V>.sei</Gwoyeu_V>
 </item>
 <item>
  <Hanyu>sen</Hanyu>
  <Gwoyeu_I>sen</Gwoyeu_I>
  <Gwoyeu_II>sern</Gwoyeu_II>
  <Gwoyeu_III>seen</Gwoyeu_III>
  <Gwoyeu_IV>senn</Gwoyeu_IV>
  <Gwoyeu_V>.sen</Gwoyeu_V>
 </item>
 <item>
  <Hanyu>seng</Hanyu>
  <Gwoyeu_I>seng</Gwoyeu_I>
  <Gwoyeu_II>serng</Gwoyeu_II>
  <Gwoyeu_III>seeng</Gwoyeu_III>
  <Gwoyeu_IV>senq</Gwoyeu_IV>
  <Gwoyeu_V>.seng</Gwoyeu_V>
 </item>
 <item>
  <Hanyu>sha</Hanyu>
  <Gwoyeu_I>sha</Gwoyeu_I>
  <Gwoyeu_II>shar</Gwoyeu_II>
  <Gwoyeu_III>shaa</Gwoyeu_III>
  <Gwoyeu_IV>shah</Gwoyeu_IV>
  <Gwoyeu_V>.sha</Gwoyeu_V>
 </item>
 <item>
  <Hanyu>shai</Hanyu>
  <Gwoyeu_I>shai</Gwoyeu_I>
  <Gwoyeu_II>shair</Gwoyeu_II>
  <Gwoyeu_III>shae</Gwoyeu_III>
  <Gwoyeu_IV>shay</Gwoyeu_IV>
  <Gwoyeu_V>.shai</Gwoyeu_V>
 </item>
 <item>
  <Hanyu>shan</Hanyu>
  <Gwoyeu_I>shan</Gwoyeu_I>
  <Gwoyeu_II>sharn</Gwoyeu_II>
  <Gwoyeu_III>shaan</Gwoyeu_III>
  <Gwoyeu_IV>shann</Gwoyeu_IV>
  <Gwoyeu_V>.shan</Gwoyeu_V>
 </item>
 <item>
  <Hanyu>shang</Hanyu>
  <Gwoyeu_I>shang</Gwoyeu_I>
  <Gwoyeu_II>sharng</Gwoyeu_II>
  <Gwoyeu_III>shaang</Gwoyeu_III>
  <Gwoyeu_IV>shanq</Gwoyeu_IV>
  <Gwoyeu_V>.shang</Gwoyeu_V>
 </item>
 <item>
  <Hanyu>shao</Hanyu>
  <Gwoyeu_I>shau</Gwoyeu_I>
  <Gwoyeu_II>shaur</Gwoyeu_II>
  <Gwoyeu_III>shao</Gwoyeu_III>
  <Gwoyeu_IV>shaw</Gwoyeu_IV>
  <Gwoyeu_V>.shau</Gwoyeu_V>
 </item>
 <item>
  <Hanyu>she</Hanyu>
  <Gwoyeu_I>she</Gwoyeu_I>
  <Gwoyeu_II>sher</Gwoyeu_II>
  <Gwoyeu_III>shee</Gwoyeu_III>
  <Gwoyeu_IV>sheh</Gwoyeu_IV>
  <Gwoyeu_V>.she</Gwoyeu_V>
 </item>
 <item>
  <Hanyu>shei</Hanyu>
  <Gwoyeu_I>shei</Gwoyeu_I>
  <Gwoyeu_II>sheir</Gwoyeu_II>
  <Gwoyeu_III>sheei</Gwoyeu_III>
  <Gwoyeu_IV>shey</Gwoyeu_IV>
  <Gwoyeu_V>.shei</Gwoyeu_V>
 </item>
 <item>
  <Hanyu>shen</Hanyu>
  <Gwoyeu_I>shen</Gwoyeu_I>
  <Gwoyeu_II>shern</Gwoyeu_II>
  <Gwoyeu_III>sheen</Gwoyeu_III>
  <Gwoyeu_IV>shenn</Gwoyeu_IV>
  <Gwoyeu_V>.shen</Gwoyeu_V>
 </item>
 <item>
  <Hanyu>sheng</Hanyu>
  <Gwoyeu_I>sheng</Gwoyeu_I>
  <Gwoyeu_II>sherng</Gwoyeu_II>
  <Gwoyeu_III>sheeng</Gwoyeu_III>
  <Gwoyeu_IV>shenq</Gwoyeu_IV>
  <Gwoyeu_V>.sheng</Gwoyeu_V>
 </item>
 <item>
  <Hanyu>shi</Hanyu>
  <Gwoyeu_I>shy</Gwoyeu_I>
  <Gwoyeu_II>shyr</Gwoyeu_II>
  <Gwoyeu_III>shyy</Gwoyeu_III>
  <Gwoyeu_IV>shyh</Gwoyeu_IV>
  <Gwoyeu_V>.shy</Gwoyeu_V>
 </item>
 <item>
  <Hanyu>shong</Hanyu>
  <Gwoyeu_I>shong</Gwoyeu_I>
  <Gwoyeu_II>shorng</Gwoyeu_II>
  <Gwoyeu_III>shoong</Gwoyeu_III>
  <Gwoyeu_IV>shonq</Gwoyeu_IV>
  <Gwoyeu_V>.shong</Gwoyeu_V>
 </item>
 <item>
  <Hanyu>shou</Hanyu>
  <Gwoyeu_I>shou</Gwoyeu_I>
  <Gwoyeu_II>shour</Gwoyeu_II>
  <Gwoyeu_III>shoou</Gwoyeu_III>
  <Gwoyeu_IV>show</Gwoyeu_IV>
  <Gwoyeu_V>.shou</Gwoyeu_V>
 </item>
 <item>
  <Hanyu>shu</Hanyu>
  <Gwoyeu_I>shu</Gwoyeu_I>
  <Gwoyeu_II>shwu</Gwoyeu_II>
  <Gwoyeu_III>shuu</Gwoyeu_III>
  <Gwoyeu_IV>shuh</Gwoyeu_IV>
  <Gwoyeu_V>.shu</Gwoyeu_V>
 </item>
 <item>
  <Hanyu>shua</Hanyu>
  <Gwoyeu_I>shua</Gwoyeu_I>
  <Gwoyeu_II>shwa</Gwoyeu_II>
  <Gwoyeu_III>shoa</Gwoyeu_III>
  <Gwoyeu_IV>shuah</Gwoyeu_IV>
  <Gwoyeu_V>.shua</Gwoyeu_V>
 </item>
 <item>
  <Hanyu>shuai</Hanyu>
  <Gwoyeu_I>shuai</Gwoyeu_I>
  <Gwoyeu_II>shwai</Gwoyeu_II>
  <Gwoyeu_III>shoai</Gwoyeu_III>
  <Gwoyeu_IV>shuay</Gwoyeu_IV>
  <Gwoyeu_V>.shuai</Gwoyeu_V>
 </item>
 <item>
  <Hanyu>shuan</Hanyu>
  <Gwoyeu_I>shuan</Gwoyeu_I>
  <Gwoyeu_II>shwan</Gwoyeu_II>
  <Gwoyeu_III>shoan</Gwoyeu_III>
  <Gwoyeu_IV>shuann</Gwoyeu_IV>
  <Gwoyeu_V>.shuan</Gwoyeu_V>
 </item>
 <item>
  <Hanyu>shuang</Hanyu>
  <Gwoyeu_I>shuang</Gwoyeu_I>
  <Gwoyeu_II>shwang</Gwoyeu_II>
  <Gwoyeu_III>shoang</Gwoyeu_III>
  <Gwoyeu_IV>shuanq</Gwoyeu_IV>
  <Gwoyeu_V>.shuang</Gwoyeu_V>
 </item>
 <item>
  <Hanyu>shui</Hanyu>
  <Gwoyeu_I>shuei</Gwoyeu_I>
  <Gwoyeu_II>shwei</Gwoyeu_II>
  <Gwoyeu_III>shoei</Gwoyeu_III>
  <Gwoyeu_IV>shuey</Gwoyeu_IV>
  <Gwoyeu_V>.shuei</Gwoyeu_V>
 </item>
 <item>
  <Hanyu>shun</Hanyu>
  <Gwoyeu_I>shuen</Gwoyeu_I>
  <Gwoyeu_II>shwen</Gwoyeu_II>
  <Gwoyeu_III>shoen</Gwoyeu_III>
  <Gwoyeu_IV>shuenn</Gwoyeu_IV>
  <Gwoyeu_V>.shuen</Gwoyeu_V>
 </item>
 <item>
  <Hanyu>shuo</Hanyu>
  <Gwoyeu_I>shuo</Gwoyeu_I>
  <Gwoyeu_II>shwo</Gwoyeu_II>
  <Gwoyeu_III>shuoo</Gwoyeu_III>
  <Gwoyeu_IV>shuoh</Gwoyeu_IV>
  <Gwoyeu_V>.shuo</Gwoyeu_V>
 </item>
 <item>
  <Hanyu>xi</Hanyu>
  <Gwoyeu_I>shi</Gwoyeu_I>
  <Gwoyeu_II>shyi</Gwoyeu_II>
  <Gwoyeu_III>shii</Gwoyeu_III>
  <Gwoyeu_IV>shih</Gwoyeu_IV>
  <Gwoyeu_V>.shi</Gwoyeu_V>
 </item>
 <item>
  <Hanyu>xia</Hanyu>
  <Gwoyeu_I>shia</Gwoyeu_I>
  <Gwoyeu_II>shya</Gwoyeu_II>
  <Gwoyeu_III>shea</Gwoyeu_III>
  <Gwoyeu_IV>shiah</Gwoyeu_IV>
  <Gwoyeu_V>.shia</Gwoyeu_V>
 </item>
 <item>
  <Hanyu>xian</Hanyu>
  <Gwoyeu_I>shian</Gwoyeu_I>
  <Gwoyeu_II>shyan</Gwoyeu_II>
  <Gwoyeu_III>shean</Gwoyeu_III>
  <Gwoyeu_IV>shiann</Gwoyeu_IV>
  <Gwoyeu_V>.shian</Gwoyeu_V>
 </item>
 <item>
  <Hanyu>xiang</Hanyu>
  <Gwoyeu_I>shiang</Gwoyeu_I>
  <Gwoyeu_II>shyang</Gwoyeu_II>
  <Gwoyeu_III>sheang</Gwoyeu_III>
  <Gwoyeu_IV>shianq</Gwoyeu_IV>
  <Gwoyeu_V>.shiang</Gwoyeu_V>
 </item>
 <item>
  <Hanyu>xiao</Hanyu>
  <Gwoyeu_I>shiau</Gwoyeu_I>
  <Gwoyeu_II>shyau</Gwoyeu_II>
  <Gwoyeu_III>sheau</Gwoyeu_III>
  <Gwoyeu_IV>shiaw</Gwoyeu_IV>
  <Gwoyeu_V>.shiau</Gwoyeu_V>
 </item>
 <item>
  <Hanyu>xie</Hanyu>
  <Gwoyeu_I>shie</Gwoyeu_I>
  <Gwoyeu_II>shye</Gwoyeu_II>
  <Gwoyeu_III>shiee</Gwoyeu_III>
  <Gwoyeu_IV>shieh</Gwoyeu_IV>
  <Gwoyeu_V>.shie</Gwoyeu_V>
 </item>
 <item>
  <Hanyu>si</Hanyu>
  <Gwoyeu_I>sy</Gwoyeu_I>
  <Gwoyeu_II>syr</Gwoyeu_II>
  <Gwoyeu_III>syy</Gwoyeu_III>
  <Gwoyeu_IV>syh</Gwoyeu_IV>
  <Gwoyeu_V>.sy</Gwoyeu_V>
 </item>
 <item>
  <Hanyu>xin</Hanyu>
  <Gwoyeu_I>shin</Gwoyeu_I>
  <Gwoyeu_II>shyn</Gwoyeu_II>
  <Gwoyeu_III>shiin</Gwoyeu_III>
  <Gwoyeu_IV>shinn</Gwoyeu_IV>
  <Gwoyeu_V>.shin</Gwoyeu_V>
 </item>
 <item>
  <Hanyu>xing</Hanyu>
  <Gwoyeu_I>shing</Gwoyeu_I>
  <Gwoyeu_II>shyng</Gwoyeu_II>
  <Gwoyeu_III>shiing</Gwoyeu_III>
  <Gwoyeu_IV>shinq</Gwoyeu_IV>
  <Gwoyeu_V>.shing</Gwoyeu_V>
 </item>
 <item>
  <Hanyu>xiu</Hanyu>
  <Gwoyeu_I>shiou</Gwoyeu_I>
  <Gwoyeu_II>shyou</Gwoyeu_II>
  <Gwoyeu_III>sheou</Gwoyeu_III>
  <Gwoyeu_IV>shiow</Gwoyeu_IV>
  <Gwoyeu_V>.shiou</Gwoyeu_V>
 </item>
 <item>
  <Hanyu>song</Hanyu>
  <Gwoyeu_I>song</Gwoyeu_I>
  <Gwoyeu_II>sorng</Gwoyeu_II>
  <Gwoyeu_III>soong</Gwoyeu_III>
  <Gwoyeu_IV>sonq</Gwoyeu_IV>
  <Gwoyeu_V>.song</Gwoyeu_V>
 </item>
 <item>
  <Hanyu>sou</Hanyu>
  <Gwoyeu_I>sou</Gwoyeu_I>
  <Gwoyeu_II>sour</Gwoyeu_II>
  <Gwoyeu_III>soou</Gwoyeu_III>
  <Gwoyeu_IV>sow</Gwoyeu_IV>
  <Gwoyeu_V>.sou</Gwoyeu_V>
 </item>
 <item>
  <Hanyu>su</Hanyu>
  <Gwoyeu_I>su</Gwoyeu_I>
  <Gwoyeu_II>swu</Gwoyeu_II>
  <Gwoyeu_III>suu</Gwoyeu_III>
  <Gwoyeu_IV>suh</Gwoyeu_IV>
  <Gwoyeu_V>.su</Gwoyeu_V>
 </item>
 <item>
  <Hanyu>suan</Hanyu>
  <Gwoyeu_I>suan</Gwoyeu_I>
  <Gwoyeu_II>swan</Gwoyeu_II>
  <Gwoyeu_III>soan</Gwoyeu_III>
  <Gwoyeu_IV>suann</Gwoyeu_IV>
  <Gwoyeu_V>.suan</Gwoyeu_V>
 </item>
 <item>
  <Hanyu>sui</Hanyu>
  <Gwoyeu_I>suei</Gwoyeu_I>
  <Gwoyeu_II>swei</Gwoyeu_II>
  <Gwoyeu_III>soei</Gwoyeu_III>
  <Gwoyeu_IV>suey</Gwoyeu_IV>
  <Gwoyeu_V>.suei</Gwoyeu_V>
 </item>
 <item>
  <Hanyu>sun</Hanyu>
  <Gwoyeu_I>suen</Gwoyeu_I>
  <Gwoyeu_II>swen</Gwoyeu_II>
  <Gwoyeu_III>soen</Gwoyeu_III>
  <Gwoyeu_IV>suenn</Gwoyeu_IV>
  <Gwoyeu_V>.suen</Gwoyeu_V>
 </item>
 <item>
  <Hanyu>suo</Hanyu>
  <Gwoyeu_I>suo</Gwoyeu_I>
  <Gwoyeu_II>swo</Gwoyeu_II>
  <Gwoyeu_III>suoo</Gwoyeu_III>
  <Gwoyeu_IV>suoh</Gwoyeu_IV>
  <Gwoyeu_V>.suo</Gwoyeu_V>
 </item>
 <item>
  <Hanyu>xiong</Hanyu>
  <Gwoyeu_I>shiong</Gwoyeu_I>
  <Gwoyeu_II>shyong</Gwoyeu_II>
  <Gwoyeu_III>sheong</Gwoyeu_III>
  <Gwoyeu_IV>shionq</Gwoyeu_IV>
  <Gwoyeu_V>.shiong</Gwoyeu_V>
 </item>
 <item>
  <Hanyu>xu</Hanyu>
  <Gwoyeu_I>shiu</Gwoyeu_I>
  <Gwoyeu_II>shyu</Gwoyeu_II>
  <Gwoyeu_III>sheu</Gwoyeu_III>
  <Gwoyeu_IV>shiuh</Gwoyeu_IV>
  <Gwoyeu_V>.shiu</Gwoyeu_V>
 </item>
 <item>
  <Hanyu>xuan</Hanyu>
  <Gwoyeu_I>shiuan</Gwoyeu_I>
  <Gwoyeu_II>shyuan</Gwoyeu_II>
  <Gwoyeu_III>sheuan</Gwoyeu_III>
  <Gwoyeu_IV>shiuann</Gwoyeu_IV>
  <Gwoyeu_V>.shiuan</Gwoyeu_V>
 </item>
 <item>
  <Hanyu>xue</Hanyu>
  <Gwoyeu_I>shiue</Gwoyeu_I>
  <Gwoyeu_II>shyue</Gwoyeu_II>
  <Gwoyeu_III>sheue</Gwoyeu_III>
  <Gwoyeu_IV>shiueh</Gwoyeu_IV>
  <Gwoyeu_V>.shiue</Gwoyeu_V>
 </item>
 <item>
  <Hanyu>xun</Hanyu>
  <Gwoyeu_I>shiun</Gwoyeu_I>
  <Gwoyeu_II>shyun</Gwoyeu_II>
  <Gwoyeu_III>sheun</Gwoyeu_III>
  <Gwoyeu_IV>shiunn</Gwoyeu_IV>
  <Gwoyeu_V>.shiun</Gwoyeu_V>
 </item>
 <item>
  <Hanyu>ta</Hanyu>
  <Gwoyeu_I>ta</Gwoyeu_I>
  <Gwoyeu_II>tar</Gwoyeu_II>
  <Gwoyeu_III>taa</Gwoyeu_III>
  <Gwoyeu_IV>tah</Gwoyeu_IV>
  <Gwoyeu_V>.ta</Gwoyeu_V>
 </item>
 <item>
  <Hanyu>tai</Hanyu>
  <Gwoyeu_I>tai</Gwoyeu_I>
  <Gwoyeu_II>tair</Gwoyeu_II>
  <Gwoyeu_III>tae</Gwoyeu_III>
  <Gwoyeu_IV>tay</Gwoyeu_IV>
  <Gwoyeu_V>.tai</Gwoyeu_V>
 </item>
 <item>
  <Hanyu>tan</Hanyu>
  <Gwoyeu_I>tan</Gwoyeu_I>
  <Gwoyeu_II>tarn</Gwoyeu_II>
  <Gwoyeu_III>taan</Gwoyeu_III>
  <Gwoyeu_IV>tann</Gwoyeu_IV>
  <Gwoyeu_V>.tan</Gwoyeu_V>
 </item>
 <item>
  <Hanyu>tang</Hanyu>
  <Gwoyeu_I>tang</Gwoyeu_I>
  <Gwoyeu_II>tarng</Gwoyeu_II>
  <Gwoyeu_III>taang</Gwoyeu_III>
  <Gwoyeu_IV>tanq</Gwoyeu_IV>
  <Gwoyeu_V>.tang</Gwoyeu_V>
 </item>
 <item>
  <Hanyu>tao</Hanyu>
  <Gwoyeu_I>tau</Gwoyeu_I>
  <Gwoyeu_II>taur</Gwoyeu_II>
  <Gwoyeu_III>tao</Gwoyeu_III>
  <Gwoyeu_IV>taw</Gwoyeu_IV>
  <Gwoyeu_V>.tau</Gwoyeu_V>
 </item>
 <item>
  <Hanyu>te</Hanyu>
  <Gwoyeu_I>te</Gwoyeu_I>
  <Gwoyeu_II>ter</Gwoyeu_II>
  <Gwoyeu_III>tee</Gwoyeu_III>
  <Gwoyeu_IV>teh</Gwoyeu_IV>
  <Gwoyeu_V>.te</Gwoyeu_V>
 </item>
 <item>
  <Hanyu>teng</Hanyu>
  <Gwoyeu_I>teng</Gwoyeu_I>
  <Gwoyeu_II>terng</Gwoyeu_II>
  <Gwoyeu_III>teeng</Gwoyeu_III>
  <Gwoyeu_IV>tenq</Gwoyeu_IV>
  <Gwoyeu_V>.teng</Gwoyeu_V>
 </item>
 <item>
  <Hanyu>ti</Hanyu>
  <Gwoyeu_I>ti</Gwoyeu_I>
  <Gwoyeu_II>tyi</Gwoyeu_II>
  <Gwoyeu_III>tii</Gwoyeu_III>
  <Gwoyeu_IV>tih</Gwoyeu_IV>
  <Gwoyeu_V>.ti</Gwoyeu_V>
 </item>
 <item>
  <Hanyu>tian</Hanyu>
  <Gwoyeu_I>tian</Gwoyeu_I>
  <Gwoyeu_II>tyan</Gwoyeu_II>
  <Gwoyeu_III>tean</Gwoyeu_III>
  <Gwoyeu_IV>tiann</Gwoyeu_IV>
  <Gwoyeu_V>.tian</Gwoyeu_V>
 </item>
 <item>
  <Hanyu>tiao</Hanyu>
  <Gwoyeu_I>tiau</Gwoyeu_I>
  <Gwoyeu_II>tyau</Gwoyeu_II>
  <Gwoyeu_III>teau</Gwoyeu_III>
  <Gwoyeu_IV>tiaw</Gwoyeu_IV>
  <Gwoyeu_V>.tiau</Gwoyeu_V>
 </item>
 <item>
  <Hanyu>tie</Hanyu>
  <Gwoyeu_I>tie</Gwoyeu_I>
  <Gwoyeu_II>tye</Gwoyeu_II>
  <Gwoyeu_III>tiee</Gwoyeu_III>
  <Gwoyeu_IV>tieh</Gwoyeu_IV>
  <Gwoyeu_V>.tie</Gwoyeu_V>
 </item>
 <item>
  <Hanyu>ting</Hanyu>
  <Gwoyeu_I>ting</Gwoyeu_I>
  <Gwoyeu_II>tyng</Gwoyeu_II>
  <Gwoyeu_III>tiing</Gwoyeu_III>
  <Gwoyeu_IV>tinq</Gwoyeu_IV>
  <Gwoyeu_V>.ting</Gwoyeu_V>
 </item>
 <item>
  <Hanyu>tong</Hanyu>
  <Gwoyeu_I>tong</Gwoyeu_I>
  <Gwoyeu_II>torng</Gwoyeu_II>
  <Gwoyeu_III>toong</Gwoyeu_III>
  <Gwoyeu_IV>tonq</Gwoyeu_IV>
  <Gwoyeu_V>.tong</Gwoyeu_V>
 </item>
 <item>
  <Hanyu>tou</Hanyu>
  <Gwoyeu_I>tou</Gwoyeu_I>
  <Gwoyeu_II>tour</Gwoyeu_II>
  <Gwoyeu_III>toou</Gwoyeu_III>
  <Gwoyeu_IV>tow</Gwoyeu_IV>
  <Gwoyeu_V>.tou</Gwoyeu_V>
 </item>
 <item>
  <Hanyu>tu</Hanyu>
  <Gwoyeu_I>tu</Gwoyeu_I>
  <Gwoyeu_II>twu</Gwoyeu_II>
  <Gwoyeu_III>tuu</Gwoyeu_III>
  <Gwoyeu_IV>tuh</Gwoyeu_IV>
  <Gwoyeu_V>.tu</Gwoyeu_V>
 </item>
 <item>
  <Hanyu>tuan</Hanyu>
  <Gwoyeu_I>tuan</Gwoyeu_I>
  <Gwoyeu_II>twan</Gwoyeu_II>
  <Gwoyeu_III>toan</Gwoyeu_III>
  <Gwoyeu_IV>tuann</Gwoyeu_IV>
  <Gwoyeu_V>.tuan</Gwoyeu_V>
 </item>
 <item>
  <Hanyu>tui</Hanyu>
  <Gwoyeu_I>tuei</Gwoyeu_I>
  <Gwoyeu_II>twei</Gwoyeu_II>
  <Gwoyeu_III>toei</Gwoyeu_III>
  <Gwoyeu_IV>tuey</Gwoyeu_IV>
  <Gwoyeu_V>.tuei</Gwoyeu_V>
 </item>
 <item>
  <Hanyu>tun</Hanyu>
  <Gwoyeu_I>tuen</Gwoyeu_I>
  <Gwoyeu_II>twen</Gwoyeu_II>
  <Gwoyeu_III>toen</Gwoyeu_III>
  <Gwoyeu_IV>tuenn</Gwoyeu_IV>
  <Gwoyeu_V>.tuen</Gwoyeu_V>
 </item>
 <item>
  <Hanyu>tuo</Hanyu>
  <Gwoyeu_I>tuo</Gwoyeu_I>
  <Gwoyeu_II>two</Gwoyeu_II>
  <Gwoyeu_III>tuoo</Gwoyeu_III>
  <Gwoyeu_IV>tuoh</Gwoyeu_IV>
  <Gwoyeu_V>.tuo</Gwoyeu_V>
 </item>
 <item>
  <Hanyu>wa</Hanyu>
  <Gwoyeu_I>ua</Gwoyeu_I>
  <Gwoyeu_II>wa</Gwoyeu_II>
  <Gwoyeu_III>waa</Gwoyeu_III>
  <Gwoyeu_IV>wah</Gwoyeu_IV>
  <Gwoyeu_V>.ua</Gwoyeu_V>
 </item>
 <item>
  <Hanyu>wai</Hanyu>
  <Gwoyeu_I>uai</Gwoyeu_I>
  <Gwoyeu_II>wai</Gwoyeu_II>
  <Gwoyeu_III>woai</Gwoyeu_III>
  <Gwoyeu_IV>way</Gwoyeu_IV>
  <Gwoyeu_V>.uai</Gwoyeu_V>
 </item>
 <item>
  <Hanyu>wan</Hanyu>
  <Gwoyeu_I>uan</Gwoyeu_I>
  <Gwoyeu_II>wan</Gwoyeu_II>
  <Gwoyeu_III>woan</Gwoyeu_III>
  <Gwoyeu_IV>wann</Gwoyeu_IV>
  <Gwoyeu_V>.uan</Gwoyeu_V>
 </item>
 <item>
  <Hanyu>wang</Hanyu>
  <Gwoyeu_I>uang</Gwoyeu_I>
  <Gwoyeu_II>wang</Gwoyeu_II>
  <Gwoyeu_III>woang</Gwoyeu_III>
  <Gwoyeu_IV>wanq</Gwoyeu_IV>
  <Gwoyeu_V>.uang</Gwoyeu_V>
 </item>
 <item>
  <Hanyu>wei</Hanyu>
  <Gwoyeu_I>uei</Gwoyeu_I>
  <Gwoyeu_II>wei</Gwoyeu_II>
  <Gwoyeu_III>woei</Gwoyeu_III>
  <Gwoyeu_IV>wey</Gwoyeu_IV>
  <Gwoyeu_V>.uei</Gwoyeu_V>
 </item>
 <item>
  <Hanyu>wo</Hanyu>
  <Gwoyeu_I>uo</Gwoyeu_I>
  <Gwoyeu_II>wo</Gwoyeu_II>
  <Gwoyeu_III>woo</Gwoyeu_III>
  <Gwoyeu_IV>woh</Gwoyeu_IV>
  <Gwoyeu_V>.uo</Gwoyeu_V>
 </item>
 <item>
  <Hanyu>weng</Hanyu>
  <Gwoyeu_I>ueng</Gwoyeu_I>
  <Gwoyeu_II>weng</Gwoyeu_II>
  <Gwoyeu_III>woeng</Gwoyeu_III>
  <Gwoyeu_IV>wenq</Gwoyeu_IV>
  <Gwoyeu_V>.ueng</Gwoyeu_V>
 </item>
 <item>
  <Hanyu>wu</Hanyu>
  <Gwoyeu_I>u</Gwoyeu_I>
  <Gwoyeu_II>wu</Gwoyeu_II>
  <Gwoyeu_III>wuu</Gwoyeu_III>
  <Gwoyeu_IV>wuh</Gwoyeu_IV>
  <Gwoyeu_V>.u</Gwoyeu_V>
 </item>
 <item>
  <Hanyu>wen</Hanyu>
  <Gwoyeu_I>uen</Gwoyeu_I>
  <Gwoyeu_II>wen</Gwoyeu_II>
  <Gwoyeu_III>woen</Gwoyeu_III>
  <Gwoyeu_IV>wenn</Gwoyeu_IV>
  <Gwoyeu_V>.uen</Gwoyeu_V>
 </item>
 <item>
  <Hanyu>ya</Hanyu>
  <Gwoyeu_I>ia</Gwoyeu_I>
  <Gwoyeu_II>ya</Gwoyeu_II>
  <Gwoyeu_III>yea</Gwoyeu_III>
  <Gwoyeu_IV>yah</Gwoyeu_IV>
  <Gwoyeu_V>.ia</Gwoyeu_V>
 </item>
 <item>
  <Hanyu>yan</Hanyu>
  <Gwoyeu_I>ian</Gwoyeu_I>
  <Gwoyeu_II>yan</Gwoyeu_II>
  <Gwoyeu_III>yean</Gwoyeu_III>
  <Gwoyeu_IV>yann</Gwoyeu_IV>
  <Gwoyeu_V>.ian</Gwoyeu_V>
 </item>
 <item>
  <Hanyu>yang</Hanyu>
  <Gwoyeu_I>iang</Gwoyeu_I>
  <Gwoyeu_II>yang</Gwoyeu_II>
  <Gwoyeu_III>yeang</Gwoyeu_III>
  <Gwoyeu_IV>yanq</Gwoyeu_IV>
  <Gwoyeu_V>.iang</Gwoyeu_V>
 </item>
 <item>
  <Hanyu>yao</Hanyu>
  <Gwoyeu_I>iau</Gwoyeu_I>
  <Gwoyeu_II>yau</Gwoyeu_II>
  <Gwoyeu_III>yeau</Gwoyeu_III>
  <Gwoyeu_IV>yaw</Gwoyeu_IV>
  <Gwoyeu_V>.iau</Gwoyeu_V>
 </item>
 <item>
  <Hanyu>ye</Hanyu>
  <Gwoyeu_I>ie</Gwoyeu_I>
  <Gwoyeu_II>ye</Gwoyeu_II>
  <Gwoyeu_III>yee</Gwoyeu_III>
  <Gwoyeu_IV>yeh</Gwoyeu_IV>
  <Gwoyeu_V>.ie</Gwoyeu_V>
 </item>
 <item>
  <Hanyu>yi</Hanyu>
  <Gwoyeu_I>i</Gwoyeu_I>
  <Gwoyeu_II>yi</Gwoyeu_II>
  <Gwoyeu_III>yii</Gwoyeu_III>
  <Gwoyeu_IV>yih</Gwoyeu_IV>
  <Gwoyeu_V>.i</Gwoyeu_V>
 </item>
 <item>
  <Hanyu>yin</Hanyu>
  <Gwoyeu_I>in</Gwoyeu_I>
  <Gwoyeu_II>yn</Gwoyeu_II>
  <Gwoyeu_III>yiin</Gwoyeu_III>
  <Gwoyeu_IV>yinn</Gwoyeu_IV>
  <Gwoyeu_V>.in</Gwoyeu_V>
 </item>
 <item>
  <Hanyu>ying</Hanyu>
  <Gwoyeu_I>ing</Gwoyeu_I>
  <Gwoyeu_II>yng</Gwoyeu_II>
  <Gwoyeu_III>yiing</Gwoyeu_III>
  <Gwoyeu_IV>yinq</Gwoyeu_IV>
  <Gwoyeu_V>.ing</Gwoyeu_V>
 </item>
 <item>
  <Hanyu>yong</Hanyu>
  <Gwoyeu_I>iong</Gwoyeu_I>
  <Gwoyeu_II>yong</Gwoyeu_II>
  <Gwoyeu_III>yeong</Gwoyeu_III>
  <Gwoyeu_IV>yonq</Gwoyeu_IV>
  <Gwoyeu_V>.iong</Gwoyeu_V>
 </item>
 <item>
  <Hanyu>you</Hanyu>
  <Gwoyeu_I>iou</Gwoyeu_I>
  <Gwoyeu_II>you</Gwoyeu_II>
  <Gwoyeu_III>yeou</Gwoyeu_III>
  <Gwoyeu_IV>yow</Gwoyeu_IV>
  <Gwoyeu_V>.iou</Gwoyeu_V>
 </item>
 <item>
  <Hanyu>yu</Hanyu>
  <Gwoyeu_I>iu</Gwoyeu_I>
  <Gwoyeu_II>yu</Gwoyeu_II>
  <Gwoyeu_III>yeu</Gwoyeu_III>
  <Gwoyeu_IV>yuh</Gwoyeu_IV>
  <Gwoyeu_V>.iu</Gwoyeu_V>
 </item>
 <item>
  <Hanyu>yuan</Hanyu>
  <Gwoyeu_I>iuan</Gwoyeu_I>
  <Gwoyeu_II>yuan</Gwoyeu_II>
  <Gwoyeu_III>yeuan</Gwoyeu_III>
  <Gwoyeu_IV>yuann</Gwoyeu_IV>
  <Gwoyeu_V>.iuan</Gwoyeu_V>
 </item>
 <item>
  <Hanyu>yue</Hanyu>
  <Gwoyeu_I>iue</Gwoyeu_I>
  <Gwoyeu_II>yue</Gwoyeu_II>
  <Gwoyeu_III>yeue</Gwoyeu_III>
  <Gwoyeu_IV>yueh</Gwoyeu_IV>
  <Gwoyeu_V>.iue</Gwoyeu_V>
 </item>
 <item>
  <Hanyu>yun</Hanyu>
  <Gwoyeu_I>iun</Gwoyeu_I>
  <Gwoyeu_II>yun</Gwoyeu_II>
  <Gwoyeu_III>yeun</Gwoyeu_III>
  <Gwoyeu_IV>yunn</Gwoyeu_IV>
  <Gwoyeu_V>.iun</Gwoyeu_V>
 </item>
 <item>
  <Hanyu>za</Hanyu>
  <Gwoyeu_I>tza</Gwoyeu_I>
  <Gwoyeu_II>tzar</Gwoyeu_II>
  <Gwoyeu_III>tzaa</Gwoyeu_III>
  <Gwoyeu_IV>tzah</Gwoyeu_IV>
  <Gwoyeu_V>.tza</Gwoyeu_V>
 </item>
 <item>
  <Hanyu>zai</Hanyu>
  <Gwoyeu_I>tzai</Gwoyeu_I>
  <Gwoyeu_II>tzair</Gwoyeu_II>
  <Gwoyeu_III>tzae</Gwoyeu_III>
  <Gwoyeu_IV>tzay</Gwoyeu_IV>
  <Gwoyeu_V>.tzai</Gwoyeu_V>
 </item>
 <item>
  <Hanyu>zan</Hanyu>
  <Gwoyeu_I>tzan</Gwoyeu_I>
  <Gwoyeu_II>tzarn</Gwoyeu_II>
  <Gwoyeu_III>tzaan</Gwoyeu_III>
  <Gwoyeu_IV>tzann</Gwoyeu_IV>
  <Gwoyeu_V>.tzan</Gwoyeu_V>
 </item>
 <item>
  <Hanyu>zang</Hanyu>
  <Gwoyeu_I>tzang</Gwoyeu_I>
  <Gwoyeu_II>tzarng</Gwoyeu_II>
  <Gwoyeu_III>tzaang</Gwoyeu_III>
  <Gwoyeu_IV>tzanq</Gwoyeu_IV>
  <Gwoyeu_V>.tzang</Gwoyeu_V>
 </item>
 <item>
  <Hanyu>zao</Hanyu>
  <Gwoyeu_I>tzau</Gwoyeu_I>
  <Gwoyeu_II>tzaur</Gwoyeu_II>
  <Gwoyeu_III>tzao</Gwoyeu_III>
  <Gwoyeu_IV>tzaw</Gwoyeu_IV>
  <Gwoyeu_V>.tzau</Gwoyeu_V>
 </item>
 <item>
  <Hanyu>ze</Hanyu>
  <Gwoyeu_I>tze</Gwoyeu_I>
  <Gwoyeu_II>tzer</Gwoyeu_II>
  <Gwoyeu_III>tzee</Gwoyeu_III>
  <Gwoyeu_IV>tzeh</Gwoyeu_IV>
  <Gwoyeu_V>.tze</Gwoyeu_V>
 </item>
 <item>
  <Hanyu>zei</Hanyu>
  <Gwoyeu_I>tzei</Gwoyeu_I>
  <Gwoyeu_II>tzeir</Gwoyeu_II>
  <Gwoyeu_III>tzeei</Gwoyeu_III>
  <Gwoyeu_IV>tzey</Gwoyeu_IV>
  <Gwoyeu_V>.tzei</Gwoyeu_V>
 </item>
 <item>
  <Hanyu>zen</Hanyu>
  <Gwoyeu_I>tzen</Gwoyeu_I>
  <Gwoyeu_II>tzern</Gwoyeu_II>
  <Gwoyeu_III>tzeen</Gwoyeu_III>
  <Gwoyeu_IV>tzenn</Gwoyeu_IV>
  <Gwoyeu_V>.tzen</Gwoyeu_V>
 </item>
 <item>
  <Hanyu>zeng</Hanyu>
  <Gwoyeu_I>tzeng</Gwoyeu_I>
  <Gwoyeu_II>tzerng</Gwoyeu_II>
  <Gwoyeu_III>tzeeng</Gwoyeu_III>
  <Gwoyeu_IV>tzenq</Gwoyeu_IV>
  <Gwoyeu_V>.tzeng</Gwoyeu_V>
 </item>
 <item>
  <Hanyu>zi</Hanyu>
  <Gwoyeu_I>tzy</Gwoyeu_I>
  <Gwoyeu_II>tzyr</Gwoyeu_II>
  <Gwoyeu_III>tzyy</Gwoyeu_III>
  <Gwoyeu_IV>tzyh</Gwoyeu_IV>
  <Gwoyeu_V>.tzy</Gwoyeu_V>
 </item>
 <item>
  <Hanyu>zong</Hanyu>
  <Gwoyeu_I>tzong</Gwoyeu_I>
  <Gwoyeu_II>tzorng</Gwoyeu_II>
  <Gwoyeu_III>tzoong</Gwoyeu_III>
  <Gwoyeu_IV>tzonq</Gwoyeu_IV>
  <Gwoyeu_V>.tzong</Gwoyeu_V>
 </item>
 <item>
  <Hanyu>zou</Hanyu>
  <Gwoyeu_I>tzou</Gwoyeu_I>
  <Gwoyeu_II>tzour</Gwoyeu_II>
  <Gwoyeu_III>tzoou</Gwoyeu_III>
  <Gwoyeu_IV>tzow</Gwoyeu_IV>
  <Gwoyeu_V>.tzou</Gwoyeu_V>
 </item>
 <item>
  <Hanyu>zu</Hanyu>
  <Gwoyeu_I>tzu</Gwoyeu_I>
  <Gwoyeu_II>tzwu</Gwoyeu_II>
  <Gwoyeu_III>tzuu</Gwoyeu_III>
  <Gwoyeu_IV>tzuh</Gwoyeu_IV>
  <Gwoyeu_V>.tzu</Gwoyeu_V>
 </item>
 <item>
  <Hanyu>zuan</Hanyu>
  <Gwoyeu_I>tzuan</Gwoyeu_I>
  <Gwoyeu_II>tzwan</Gwoyeu_II>
  <Gwoyeu_III>tzoan</Gwoyeu_III>
  <Gwoyeu_IV>tzuann</Gwoyeu_IV>
  <Gwoyeu_V>.tzuan</Gwoyeu_V>
 </item>
 <item>
  <Hanyu>zui</Hanyu>
  <Gwoyeu_I>tzuei</Gwoyeu_I>
  <Gwoyeu_II>tzwei</Gwoyeu_II>
  <Gwoyeu_III>tzoei</Gwoyeu_III>
  <Gwoyeu_IV>tzuey</Gwoyeu_IV>
  <Gwoyeu_V>.tzuei</Gwoyeu_V>
 </item>
 <item>
  <Hanyu>zun</Hanyu>
  <Gwoyeu_I>tzuen</Gwoyeu_I>
  <Gwoyeu_II>tzwen</Gwoyeu_II>
  <Gwoyeu_III>tzoen</Gwoyeu_III>
  <Gwoyeu_IV>tzuenn</Gwoyeu_IV>
  <Gwoyeu_V>.tzuen</Gwoyeu_V>
 </item>
 <item>
  <Hanyu>zuo</Hanyu>
  <Gwoyeu_I>tzuo</Gwoyeu_I>
  <Gwoyeu_II>tzwo</Gwoyeu_II>
  <Gwoyeu_III>tzuoo</Gwoyeu_III>
  <Gwoyeu_IV>tzuoh</Gwoyeu_IV>
  <Gwoyeu_V>.tzuo</Gwoyeu_V>
 </item>
</pinyin_gwoyeu_mapping>
